"simID","lac","mu","K","gam","laa","totaltime"
1,1.7965259894263,1.59247329786629,133.334652739577,0.000822114587202668,0.281652690726332,10
2,2.11637169891037,2.05461422591729,145.735616302118,0.000531545667513274,0.757138535496779,10
3,2.71856009005569,1.14991185273172,132.699115220457,0.000259661406837404,0.0409302710322663,10
4,3.72462336998433,2.86496849626012,76.9029891979881,0.000457420010096393,0.744446776458062,10
5,1.60504579311237,0.355157906181482,44.9519129749388,0.00083280429339502,1.42102756630629,10
6,3.69516905490309,0.117396256044437,30.6982725858688,0.000947221368760802,0.571773200877942,10
7,3.83402580581605,1.51356464821564,95.8487128792331,0.000256014940538444,1.04732058942318,10
8,2.98239337746054,1.73548981742095,29.1469944128767,0.000419446719577536,1.03314871271141,10
9,2.88734213169664,2.51792779342411,88.5961452545598,0.000734536037221551,0.716596015146933,10
10,1.18535881140269,1.96336948144087,81.397477099672,0.000963316827919334,0.410021421150304,10
11,1.6179237246979,2.83359056685506,26.2648781877942,0.000485021268972196,1.13537449843716,10
12,1.52967025758699,1.53502172312024,97.2903049946763,0.000222323786024936,0.37129809090402,10
13,3.06106853997335,0.254854685490113,122.865257959347,0.000832367115328088,0.782009224989451,10
14,2.15231115464121,2.98431205122012,97.8529288782738,0.00082616046438925,0.919264861266129,10
15,3.30952425999567,1.20439221518883,23.6290707974695,0.00091729931931477,0.142574964556843,10
16,2.49309772625566,2.68694932539349,71.4444621419534,0.000733241698285565,0.848638145718724,10
17,3.15285552479327,2.63058755032469,33.8117153872736,0.000512916867807507,0.0253112423233688,10
18,3.97571828449145,0.889524745400646,23.1344804423861,0.00017346197203733,0.299818323575892,10
19,2.14010553830303,0.39786246999586,129.316709814593,0.00075766957490705,0.626375701278448,10
20,3.33233566395938,0.797806131854746,62.4319903622381,0.000939413363812491,0.308259132667445,10
21,3.80411569331773,0.0172820556370309,58.2586941355839,0.000132353462907486,0.565832110354677,10
22,1.63642756384797,2.45882350425881,126.976737368386,0.000196335498266853,0.114677576813847,10
23,2.95502129825763,0.524067570713744,73.8651652028784,0.000456750034936704,0.217460993444547,10
24,1.37666528788395,2.52925734813085,21.3222589856014,0.000237055368931033,0.83038793108426,10
25,1.8016620061826,0.500219829007797,26.8130905157886,0.000201801004773006,0.992613841197453,10
26,2.15834227763116,2.29208190317287,114.948149579577,0.00035753698174376,1.10347125667613,10
27,1.04017099947669,1.55686236836906,29.5413431082852,0.000622908749664202,0.564314126386307,10
28,2.14716387121007,0.818128641527984,29.1463614488021,0.000227465546340682,1.30313572904561,10
29,3.60907253716141,1.02967508698469,102.832355734427,0.00054497560581658,1.19320506986696,10
30,2.02104699006304,2.115255512804,73.7297632242553,0.00042425595743116,1.23270453291479,10
31,2.44624034641311,1.77464675001155,75.993318001274,0.000466323787742294,1.35254296869971,10
32,2.79869747627527,1.40819017495215,30.4320281674154,0.000353063787799329,1.47376101196278,10
33,2.48062392114662,1.00919617900569,56.0251682251692,0.000482782086497173,0.398926620720886,10
34,1.55865280423313,2.90351550227944,123.229232460726,0.000517151430854574,1.18064755573869,10
35,3.48211995582096,1.93756106699647,31.8426705431193,0.000846342689124867,0.286120545119047,10
36,3.00540021457709,0.588983877566503,55.9686830826104,0.000423184827319346,0.00562365248333663,10
37,3.38271958217956,1.07160543741712,37.7132095699199,0.000494919141172431,0.835493788355961,10
38,1.32383087766357,1.5391029445783,106.251892358996,0.000106533743604086,0.614623914356343,10
39,3.17113283812068,2.64900192188036,147.286902919877,0.000971333119599149,1.3844232003903,10
40,2.23382328893058,0.458087429057248,47.5354734668508,0.000403748274291866,0.781595225678757,10
41,3.46283888234757,0.691461746168136,68.363507965114,0.000125599779211916,0.0620888967532665,10
42,2.94118058145978,0.489049436447257,35.3874131641351,0.000420888457004912,0.848776877042837,10
43,3.34879828686826,1.84307914245008,121.46969914902,0.000676283097849227,0.301773869432509,10
44,2.65910893492401,1.50495916803309,28.525167775806,0.000357970219897106,0.65207224781625,10
45,2.58915874059312,0.56443785230685,121.890762003604,0.00098448868447449,0.35560808039736,10
46,3.36806869506836,1.22320378630743,36.1007875576615,0.000174071200401522,1.48029046668671,10
47,1.06999360700138,1.74720590188357,121.054417418782,0.000215227736579254,0.969154773862101,10
48,2.4316901951097,0.926856302122236,66.9753794604912,0.000337195883062668,1.1735771340318,10
49,3.1969412160106,1.44294882392513,100.070901403669,0.000291647464735433,1.48713232541922,10
50,3.07819466944784,2.81819043744786,139.215554797556,0.000951762546645477,1.22571174334735,10
51,2.4328588664066,0.138217040678649,33.6786129884422,0.000410926411906257,0.48203258018475,10
52,3.5836284304969,1.6046317029665,113.020953219384,0.000464880360732786,0.147008382249624,10
53,2.3142913216725,1.32803808068188,40.3276522131637,0.000582887216424569,0.502307451912202,10
54,1.7343918310944,2.7191057721443,54.0048437565565,0.000348245818936266,0.0282799859996885,10
55,1.21203714143485,2.6431390410075,120.592877794988,0.000465104267979041,0.0664126857882366,10
56,1.29839848051779,0.48980702487845,97.3186791711487,0.000491958269500174,1.16580943576992,10
57,1.94881512154825,2.25659707799919,32.3989731702022,0.000389848743006587,0.223233592347242,10
58,2.5559027895797,1.20902130777114,40.6008313898928,0.000103092120331712,0.0577127065043896,10
59,2.9860152292531,1.67090238522952,111.141792936251,0.000975672166422009,1.16846200637519,10
60,2.22049056156538,0.24059982883865,54.9937544157729,0.000201621330925263,0.0272934925742447,10
61,3.73862777277827,0.349794120271783,58.5879082791507,0.00059371497570537,0.342058541136794,10
62,1.88081011828035,2.77558516444413,93.1464879983105,0.000885067642317154,1.27657141978852,10
63,2.37719717877917,2.63654483761694,64.8729466088116,0.000876335104019381,0.469974685111083,10
64,1.99718402256258,0.489706559942011,149.52723040944,0.000649489329732023,1.14906313887332,10
65,2.95261140121147,1.59473854763722,47.9356516548432,0.000101330286404118,0.543044153368101,10
66,1.7740503421519,2.78938352573526,96.7971356911585,0.000391623359755613,0.286877836799249,10
67,2.43563574482687,0.97721540969226,73.1688361638226,0.000883398952498101,0.712742632138543,10
68,3.29893201193772,0.482467813175521,90.1907605817541,0.000556151012913324,0.371472079306841,10
69,1.25274074310437,2.84912878281549,125.274894076865,0.000914715955778956,1.421013763058,10
70,3.6259639901109,1.38712491022639,21.3849086267874,0.000987683288450353,0.310703239403665,10
71,2.01721881353296,0.662390584907378,107.748642305378,0.000383218358992599,1.34048490424175,10
72,3.51832105056383,0.00615749589069746,134.423602020834,0.000111552676768042,1.44034142489545,10
73,2.04005046747625,1.8576158905708,73.0515395547263,0.000469940032670274,1.4665645302739,10
74,2.00132479239255,1.20757751580151,136.226777497213,0.000796672833268531,0.101666622678749,10
75,2.4290537352208,2.70010782863637,125.020670800004,0.000957086954079568,0.0477593746036291,10
76,3.67659500753507,1.51769536525749,26.7948949476704,0.000753729197173379,0.667257565772161,10
77,3.59301841189153,2.17948859438864,143.648131021764,0.000564795243251137,0.482676831074059,10
78,2.16996863042004,0.0825570959873497,84.8622457147576,0.00076055934750475,1.08488309173845,10
79,3.33196209650487,1.13830169802424,84.6696938783862,0.000865365097345784,1.27732484042645,10
80,3.88185399165377,1.16029531209776,46.1588613549247,0.000836547594564036,0.729920262820087,10
81,2.30397845432162,1.01352839377543,108.52965150727,0.000749452605796978,0.570938761811703,10
82,3.13754403614439,1.09335911074684,91.1495438823476,0.000497324590641074,0.626769197406247,10
83,2.19998310669325,1.91630403351262,99.2451062402688,0.000493399331555702,0.937182206776924,10
84,1.97605645563453,0.0988396909398958,60.0637895404361,0.000852341738552786,0.636497405357659,10
85,3.27126144408248,2.08860814601409,41.3279514131136,0.000446599588962272,0.387375465477817,10
86,1.60807676543482,2.44671096759471,130.161964416038,0.000706973889353685,1.43762493180111,10
87,3.13336366740987,1.52231781819684,43.019194251392,0.000170036691380665,0.0462271005380899,10
88,1.36507576308213,0.337866618429543,96.2073943577707,0.000846079043066129,0.386200935579836,10
89,1.73646554187872,2.71897927109054,146.432351446711,0.000114620925649069,0.170575101161376,10
90,1.42991313827224,1.24007552559511,89.4329108064994,0.000201423907768913,0.363995234831236,10
91,1.71888824529015,1.42131998789685,125.419113088865,0.000541922061517835,1.45665457751602,10
92,1.17680313182063,2.14117116872766,104.61784644518,0.000714688347443007,1.27834920957685,10
93,2.92686477559619,0.725689444419858,120.227543928195,0.000645698583428748,0.595230735721998,10
94,3.62880763807334,0.898991918670945,24.4925809884444,0.000907533692172729,0.720139197539538,10
95,3.33674403233454,2.11346601657097,92.6258365460671,0.000376743601774797,1.44466577586718,10
96,3.39192647766322,2.31504767664315,35.6113577121869,0.000588218999304809,1.43951012834441,10
97,2.36582336085849,0.0416196375965606,109.21895165462,0.000762325092637911,1.21066697069909,10
98,2.23025224613957,1.65398672902714,138.836335947271,0.000240536890900694,0.983240149682388,10
99,3.43261072831228,1.95741832530641,92.8454688447528,0.000714206386753358,1.13826228515245,10
100,2.81479987083003,2.79498895804919,94.8248858307488,0.000892701541306451,1.06633081496693,10
101,2.96417178423144,2.07120607624531,87.1775201521814,0.000430012119631283,1.42164323455654,10
102,2.05959181580693,0.76137604042266,105.546315694228,0.000129712971881963,1.47178363543935,10
103,1.8107804376632,1.23317400647651,96.4915554248728,0.000567802047752775,0.0838492844486609,10
104,3.97805218352005,0.368761050374806,30.3901953925379,0.000201442957739346,0.368102413485758,10
105,2.90047979331575,0.395986470516189,40.2977129397914,0.000912146750325337,0.406400716630742,10
106,1.63962440565228,1.92039001293911,148.060577765573,0.000297974501806311,1.36372433358338,10
107,1.38811704423279,1.03933565434963,148.937873661052,0.000661128851189278,0.565550314262509,10
108,2.4343541029375,1.26832753819192,58.318304780405,0.000426825745636597,0.412583069060929,10
109,3.77222340949811,2.81823270038881,122.532620385755,0.00080973986890167,0.267345665604807,10
110,2.79628290142864,1.15172930377545,109.288038478699,0.000958275347226299,0.709669331554323,10
111,3.9285120847635,0.685832534489082,72.107466252055,0.000717883566231467,0.598184818751179,10
112,3.19537753565237,2.07086702978506,71.5893476852216,0.000109892497514375,0.197491145110689,10
113,2.07018073624931,0.0296727665202459,135.363812281284,0.000962008114019409,0.0279483560007066,10
114,2.29442107165232,2.05842406995464,126.870152417105,0.000548292978061363,0.932876195758581,10
115,1.44463468203321,2.37504462061443,54.481855162885,0.000586714106542058,0.117328434018418,10
116,1.0392327264417,1.52252971682136,43.5522136255167,0.000153849750035442,0.989935679943301,10
117,3.14669819828123,0.924297939284751,144.341628763359,0.000245014191768132,1.09399157878943,10
118,1.30955270724371,2.21166311052337,128.861979488283,0.000782194328936748,0.106032073264942,10
119,2.33885304583237,0.914215258678677,65.064842144493,0.000390339798480272,0.893136384780519,10
120,2.92030313541181,2.32414863441973,129.471237435937,0.000656603240594268,0.13619685487356,10
121,3.97551586013287,0.336429702185281,21.3169237691909,0.000634535361314192,1.3558158200467,10
122,2.48678073356859,2.39325132556711,47.8904501139186,0.000143312350357883,1.11312392586842,10
123,2.45304857310839,1.47305440188712,138.785547299776,0.000454430798790418,0.553485550568439,10
124,1.52032700460404,2.49877123257553,26.3251948636025,0.000380438306974247,0.646015675622039,10
125,3.26446283352561,2.27529362250699,133.260022758041,0.000489412379567511,0.525433755246922,10
126,2.36168646765873,2.70644946785925,105.252440783661,0.000423541905824095,0.0346951856045052,10
127,2.53350935131311,0.83539219518532,48.5183441801928,0.000772239558491856,0.505224197753705,10
128,1.62263533985242,1.33713398014852,21.2268286338076,0.000957210593856871,0.555787996505387,10
129,1.68597442819737,0.816120005645952,30.2978843986057,0.000297106384113431,0.253412739140913,10
130,2.78713598893955,0.989821985104983,119.768610710744,0.0008440633315593,0.990433763363399,10
131,2.72461659484543,2.59081560142178,24.3274212838151,0.00012472807741724,0.897546889493242,10
132,1.23119314084761,0.329662874363805,120.743768354878,0.000952916095592082,0.207716520759277,10
133,1.10662173875608,1.20683047354843,71.2147519062273,0.000980446299817413,0.178834661724977,10
134,2.92838647658937,1.21828467347773,122.026243617292,0.000832209823047742,0.778810067335144,10
135,3.78584559890442,1.30949411665022,24.3331984430552,0.000701465669088066,1.03486396302469,10
136,2.7942772670649,0.53108258889222,67.599705143366,0.000367933768080547,0.390067021013238,10
137,2.68270224402659,0.797264027287648,46.9994971831329,0.000867861777334474,0.644216398824938,10
138,2.57808317174204,1.97868408545754,145.568629894406,0.000861625288496725,1.37834367330652,10
139,3.95528567163274,2.44818490896353,93.4455809579231,0.000439728957181796,1.17112733039539,10
140,2.52292546699755,1.26361091561406,77.3450737423263,0.000880872260266915,0.87365128705278,10
141,3.04836423601955,0.480276906312071,124.502855155151,0.000583564186492004,1.3409619735321,10
142,2.80462365294807,0.865901520853816,41.5323260752484,0.000619783375388943,1.08056107861921,10
143,1.71660603326745,2.40640681212391,46.7954130936414,0.000114086760790087,0.507938540889882,10
144,1.77449778001755,0.49282062094342,65.3162680845708,0.000920136240241118,1.4981265849201,10
145,3.18792887008749,2.36939922611527,78.6059379973449,0.000675843174918555,0.500550617929548,10
146,2.35771249420941,1.57269248834681,33.4129752614535,0.000598644038732164,1.29365620168392,10
147,1.52538030524738,0.960173004479753,98.0804000399075,0.000712053426192142,0.722168721375056,10
148,3.24009480886161,0.825603745894111,33.075128023047,0.000945965641480871,0.614346068934537,10
149,1.31496292119846,2.40571392493898,144.434194189962,0.000264057119307108,0.382618574774824,10
150,3.59363484708592,0.312162891164562,95.5266771209426,0.000500289297662675,0.48071373521816,10
151,2.84393491502851,2.51438298750601,41.9562694127671,0.000368453230871819,1.41823011625092,10
152,2.67147861653939,0.237880694583198,87.4142473237589,0.000506774937314913,0.994017425458878,10
153,1.98633195715956,2.15272044490778,27.0619691628963,0.000919411612348631,0.711923522525467,10
154,2.35939433635212,2.59386701816709,43.6437016027048,0.000796652304520831,0.508547375793569,10
155,2.50132291787304,2.93567676846392,24.2216811422259,0.000712558263610117,1.21129392867442,10
156,1.54259908339009,0.74745371002662,73.7482926179655,0.000666807890031487,1.3180633977754,10
157,2.58889180840924,0.0746795849745162,112.404615106061,0.000460084158414975,0.971136233769357,10
158,1.22582723712549,0.669012398065114,76.9782481784932,0.00014908568917308,1.17932877014391,10
159,1.83326779794879,0.366164296208089,81.8839456164278,0.000679577311105095,1.38234987726901,10
160,1.63809855771251,1.15577975070488,69.3616137956269,0.00029783173725009,0.972429050481878,10
161,1.85437144292518,0.253082990429038,121.395884526428,0.000180133555200882,0.625820515444502,10
162,3.68528230884112,0.847817441152362,145.005036406219,0.00021767608798109,0.946811834117398,10
163,2.3387059699744,1.69979071813088,77.7197938319296,0.000891449658176862,0.00555400131270289,10
164,3.33995466935448,0.985694052857626,55.9549474716187,0.000686836227006279,1.01614506798796,10
165,3.64185710460879,2.83042970077109,104.873742421623,0.000125333252502605,1.09319638204761,10
166,2.23937262850814,1.13197281144194,118.114124585409,0.000217956761037931,0.717860782868229,10
167,1.19142544153146,2.85995150562185,96.5318296407349,0.000241835627821274,0.225978308357298,10
168,2.0064624750521,0.819831277596904,67.6967491721734,0.000526128515787423,0.953139321296476,10
169,3.17117783986032,2.06202173528154,86.2208333937451,0.00077562809267547,1.0358152447734,10
170,2.01284600049257,0.411061714216508,38.7497847666964,0.000856255527213216,0.882322456687689,10
171,2.89124236744829,2.43065129380042,54.6650896361098,0.000887865004851483,0.247582499985583,10
172,3.52184366201982,2.28783781558936,42.5967186386697,0.0001099618810229,0.0627372254384682,10
173,3.56839499413036,1.32727026108194,136.548548380379,0.000137412262498401,0.693550730589777,10
174,2.17407784308307,1.37008141610126,93.1046072486788,0.000290223022736609,0.252411595545709,10
175,2.14148165681399,2.04139722103586,64.5190613344312,0.000753564566117711,0.434696097392589,10
176,3.68633627798408,0.223286287177121,56.8848584452644,0.000814707140414976,0.500849092961289,10
177,2.93294728873298,1.93992256225473,117.180002820678,0.000670323669468053,0.604401256889105,10
178,3.22323594614863,2.36976334340917,93.170525317546,0.000234784467029385,0.881557805347256,10
179,2.8159103395883,0.670027188495803,93.5001794062555,0.00053733505117707,0.384454340790398,10
180,3.70924483449198,0.122927876985539,102.333137767855,0.000774048815132119,1.12894900934771,10
181,1.88119046529755,1.15400662518002,145.136256953701,0.00033904301521834,0.243908458272927,10
182,1.57378032966517,1.03234205261683,119.962356528267,0.000782810297608376,0.95083155320026,10
183,3.65935282991268,1.33916143976061,118.998142969795,0.000276406166981906,0.866781554999761,10
184,2.51001845719293,1.1605608251757,39.8538791784085,0.000439688800740987,1.26460846024565,10
185,3.63117262907326,2.75496191442669,67.8137358371168,0.000604287028056569,0.167838377994485,10
186,1.56758086732589,0.522135228562122,138.770053240005,0.000507377325417474,0.257161421352066,10
187,3.27430915716104,0.449696700045187,84.5255190879107,0.000897546778596006,0.581708473269828,10
188,3.1734966780059,1.83963636673666,23.6055144970305,0.000629907968011685,0.616702968603931,10
189,3.8311744548846,0.0518282716569724,78.5181201039813,0.000161469350755215,0.572934903320856,10
190,2.64293976104818,0.198424841857702,23.5344033502042,0.000217488016933203,0.0217858536634594,10
191,3.13523160316981,2.33653924053265,22.3752208449878,0.000232095757010393,0.392302374355495,10
192,2.1667152994778,2.80697481555003,133.355122250505,0.000874285025661811,1.28423192468472,10
193,1.30261937854812,0.621691698261839,144.174555607606,0.000954348413855769,1.43897986749653,10
194,3.78190626576543,1.93006513639067,136.055994485505,0.000906798965972848,0.370927507756278,10
195,1.84969750093296,0.99420558761009,131.320134790149,0.000202286557946354,0.0461753255221993,10
196,2.77171947644092,2.86626923067516,36.0592998075299,0.000814047356811352,0.390186841366813,10
197,1.33108181483112,2.45158575211167,48.8151160394773,0.000103885994898155,0.768658188753761,10
198,3.52152109635063,2.22085440194865,109.735383084044,0.00072832591868937,1.45036663056817,10
199,1.95389105333015,0.668195659816475,104.340376358014,0.000556269836239517,0.16996425006073,10
200,3.34855401096866,0.137269577037869,31.8878749897704,0.000342499692807905,1.13461978943087,10
201,1.80252462206408,1.09964308509661,97.4240460176952,0.00067118482766673,0.134927933569998,10
202,1.65593585465103,2.22420493579702,142.769170932006,0.000997890942171216,0.211314447806217,10
203,2.55039050919004,2.80052539912243,36.7254948895425,0.000554566909489222,0.722657695412636,10
204,1.80685177608393,2.01966252859165,88.211245557759,0.000939909699675627,1.0154340720037,10
205,1.54350498202257,2.1041011864193,141.143842046149,0.000272087998432107,1.47849731217138,10
206,2.55572841246612,2.54289146102709,77.4576686136425,0.000536286290059797,0.190753211150877,10
207,2.6883488073945,2.11849934928019,72.2563097276725,0.000670713083259761,1.38375116977841,10
208,1.38747056340799,2.57643739800097,67.51792504685,0.00028207281883806,0.832701331819408,10
209,1.76910281204619,1.33698890890882,94.4678970589302,0.000486641719681211,0.859046842320822,10
210,3.15380582795478,2.0299373125223,33.8017621240579,0.000703619608446024,1.33661151083652,10
211,3.88422980927862,0.383561565401847,105.437798162457,0.000839429075783119,0.385349682765082,10
212,1.30042253970169,2.20854098849529,124.062290517613,0.000422822074056603,1.44961967132986,10
213,3.28966806852259,0.201828720550588,40.8105480787344,0.000656444400385954,1.46917793678585,10
214,3.84389906399883,0.842472129039932,84.8894748231396,0.000412362642004155,0.937369923340157,10
215,3.45590406516567,1.23491188936881,38.0525504727848,0.000780369908595458,0.610952745191753,10
216,1.92487699212506,2.83028064895857,109.517767329235,0.000608884214237332,1.17073706933297,10
217,2.94873838149942,2.93202986528815,82.4834504327737,0.00066482922967989,0.279526005266234,10
218,3.86006635334343,0.116695868703164,47.0156737254001,0.000452993101230823,0.396705194958486,10
219,3.86119795008563,1.76322455880498,113.303773626685,0.000692543699569069,0.130973872728646,10
220,2.01993761025369,0.0901320303819142,63.3447392680682,0.000714795622602105,0.331817986210808,10
221,1.78742233035155,1.69588709699439,88.8255599234253,0.000798692999966443,0.419401113758795,10
222,1.49636179953814,0.294771869772859,97.1548373345286,0.000790890780417249,0.312134935520589,10
223,1.96650416986085,1.89090933671622,118.785571556073,0.000109984092437662,1.42852736217901,10
224,2.53037561965175,2.45552365339093,25.1604682323523,0.00030773196099326,1.34526415821165,10
225,3.77190541406162,1.05018998495771,102.053393798415,0.000727942993538454,1.2918055888731,10
226,2.53287909505889,0.402037626406969,42.1454746997915,0.000913553911144845,0.141217565629631,10
227,1.77286378247663,0.242922040823218,111.943356157281,0.000180056866444647,1.06712512532249,10
228,1.13938266085461,1.05139489855436,54.4138957001269,0.000696430194866844,0.311820506234653,10
229,2.25356877502054,2.98881572677202,30.4419179284014,0.000677581534488127,0.076249051024206,10
230,3.56200450682081,1.59895313539738,112.716945041902,0.000940496218740009,1.39177444030065,10
231,2.04169203317724,1.00775855172034,117.605835879222,0.00091513311995659,0.589482942712493,10
232,1.39432696159929,0.942772506963904,42.1293183160014,0.000125433976366185,1.02658112032805,10
233,2.12346059363335,1.14792791889189,47.9268807498738,0.00039426959049888,1.29380875860807,10
234,2.89426068519242,0.0557373687876621,37.7911877050065,0.000879715784988366,0.0843614117475227,10
235,2.17023680103011,0.109713696711324,61.6916223149747,0.000288548155874014,0.565281333401799,10
236,3.06888354639523,2.63555203078848,105.754930719268,0.000540871563670225,0.891518239513971,10
237,3.06824023742229,1.20625186491439,79.5720584387891,0.000519063842948526,0.371417881222442,10
238,2.66470186947845,1.40819628445741,48.8318991218694,0.000578857199684717,0.513362408615649,10
239,2.28887322335504,1.20706929674239,26.4599100314081,0.000949208515370265,0.781151690287516,10
240,2.35816018842161,2.10630009843193,129.58577439189,0.000582632522238418,1.19308411586098,10
241,1.91932977666147,1.19755347932158,79.8462769878097,0.000586222811974585,0.358605394139886,10
242,2.73506183200516,1.5059247723016,25.8069783193059,0.000674936052877456,0.183033372857608,10
243,3.73111091274768,0.111017554678163,62.9026142857037,0.000603216433757916,0.542106082546525,10
244,1.42781224637292,0.893997406849172,65.562663031742,0.000155015155603178,1.38737126835622,10
245,2.24514287593774,2.88852966116911,50.7087298296392,0.000363145233946852,1.48753585328814,10
246,1.63277725200169,2.80529720421582,47.2119674109854,0.000535262359492481,0.882967566372827,10
247,2.28625111258589,2.88330142218063,57.6460459618829,0.000368976030917838,1.06377985083964,10
248,1.39806992560625,2.37780683292374,58.9779056189582,0.000580379832955077,1.44936864485499,10
249,2.38028933759779,2.2643561007906,136.158120508771,0.000499942662799731,1.34119245177135,10
250,3.82887117774226,0.197993293702067,119.14588178508,0.000813405057019554,0.532200681511313,10
251,3.28592158481479,0.406600787041266,33.5238179191947,0.000150385394413024,0.779591528233141,10
252,3.79872948653065,0.370885766856838,118.627041296568,0.000428526110039093,0.797443311894313,10
253,2.41203549271449,2.28765532808267,73.9153921371326,0.00090227615640033,0.486535842181183,10
254,2.81076420308091,2.71040680123477,48.734637950547,0.000567315962747671,0.410537567571737,10
255,2.45496904174797,1.20803700479846,20.8734309766442,0.000431776897702366,1.11704309633933,10
256,1.32641894952394,0.547770767126884,23.9325705333613,0.000475806421926245,0.847550362581387,10
257,1.74318049894646,1.12375820060098,52.5132387923077,0.000120426456001587,0.10306503251195,10
258,2.4955435921438,1.51867541106376,48.6643473082222,0.00063143970402889,0.634438718436286,10
259,2.11860012426041,2.7405166866529,60.0505289249122,0.000543731916625984,1.39366294525098,10
260,3.80407411069609,0.23002787862788,138.156035894062,0.000192616399633698,0.577455332502723,10
261,2.57195823360234,0.32932559712464,142.00536057353,0.000464311348530464,0.618374854791909,10
262,1.95143401506357,2.2628262407203,83.9475986431353,0.00014722189840395,1.09668174642138,10
263,1.83389808842912,0.913865867199283,41.8426346243359,0.000132910603191704,0.0018814435461536,10
264,3.36262152320705,2.17145658839711,44.5562919043005,0.000307986532174982,1.06890981725883,10
265,3.10738753760234,0.697066853694152,44.9021788034588,0.000981822457234375,0.288596165366471,10
266,1.49508291599341,1.18043725505308,85.4526519449428,0.000141664580930956,0.0223858708050102,10
267,1.19337261631154,1.52368740276191,30.5445799976587,0.000218755579879507,0.509215155732818,10
268,3.26411686488427,2.81975660461695,123.310551575851,0.000935596401011571,0.0545183450449258,10
269,2.86123009910807,0.173719724298711,94.2751399148256,0.000179146055108868,1.46499215438962,10
270,1.50873030000366,0.914366637090268,145.960848934483,0.000948326986422762,1.08271849283483,10
271,1.18664215691388,0.722848039735248,133.849939948414,0.000706702745053917,0.702780576772057,10
272,1.32708780583926,1.15567178491363,111.760910800658,0.000103445864305831,0.0868634423241019,10
273,2.1451490551699,2.28897376867794,34.9961080960929,0.000864326132368296,0.103390730218962,10
274,1.5079327437561,2.59395453139939,40.9290051623248,0.000564031759160571,1.2703038265463,10
275,1.89595762616955,2.03736573403787,63.5700634913519,0.000480114833731204,0.580658289953135,10
276,1.57662860513665,2.03032044003739,148.519194107503,0.000873650581180118,0.795390235609375,10
277,1.77151006390341,0.495241052986192,138.830262525007,0.000630917925527319,0.27568176202476,10
278,1.54369546845555,2.4086220012499,89.5626334217377,0.00015748105829116,0.683439146610908,10
279,2.43194112903439,2.13600909497573,52.0961800287478,0.000221668680361472,0.0866126233013347,10
280,3.31221112865023,2.7861163967266,139.905086343642,0.000470003291312605,0.0724168902961537,10
281,1.08336136722937,0.0225830652800621,117.953650213312,0.000847253148211166,0.377949445042759,10
282,2.58193233096972,1.78903532708872,137.455950749572,0.000448419432574883,0.376853251014836,10
283,3.64095720672049,1.10030036784222,104.701260286383,0.000660515733412467,0.0475725814467296,10
284,2.11919011594728,2.22592726938028,22.7012911438942,0.00064474520040676,1.18248604342807,10
285,1.14387739496306,2.28628596283675,32.4642735905945,0.000586204332392663,1.49454270699061,10
286,1.41588474018499,0.782242805247963,143.446305347607,0.000625932542188093,1.29686644300818,10
287,1.96447636117227,0.764882150479196,135.462956514675,0.000795524256047793,0.91438277810812,10
288,1.46449483395554,2.03655454582111,79.3104188703001,0.000728397600934841,0.158809176064096,10
289,1.39668451645412,1.45649343923964,122.2767019202,0.000856983861583285,1.10105597565416,10
290,1.66391778318211,1.13581573216058,46.133478381671,0.000979760955180973,1.21744682639837,10
291,1.67914238851517,0.166738393263123,60.6514160800725,0.000308734341268428,0.18716576253064,10
292,1.39424960152246,2.69708779269047,88.869035220705,0.000871575460629538,1.29376881953795,10
293,3.94469038094394,2.40518976892072,43.7899268371984,0.000716234068665654,1.35368241299875,10
294,1.98104118043557,1.44309104890509,89.2127333511598,0.000370172345382161,0.0694329327670857,10
295,2.52081849123351,0.096483064706577,65.2547661447898,0.000245099288411438,1.04881434061099,10
296,3.04432754428126,1.53606923610861,86.3322610408068,0.000790510933939368,0.525542445131578,10
297,1.29750730958767,1.11936650633658,122.98543922836,0.000988400470069609,0.260941903106868,10
298,1.356707674684,1.49576519728207,77.3573716543615,0.000872287688334473,0.819032982573844,10
299,1.15131897851825,1.19785728384773,57.2179917176254,0.000708462826744653,0.685652724117972,10
300,3.78776175924577,0.0629387390998658,141.362841955852,0.000830543115339242,0.569047563127242,10
301,3.02113669854589,1.57291465655586,23.9586384105496,0.000537143286853097,0.517070960369892,10
302,1.28457356640138,0.481280509370426,130.368128097616,0.000514515591366217,0.371309636277147,10
303,2.47778836241923,0.61542219408704,77.6137535530142,0.000380719300429337,1.35135119548067,10
304,2.38465552194975,2.92568262434672,102.169780340046,0.000118523475015536,1.00255531899165,10
305,2.12564959260635,2.89906798989305,121.388866410125,0.000471443450218067,0.652505544014275,10
306,3.97329765860923,2.2802349599106,56.4616086683236,0.000981999896047637,0.898509073653258,10
307,1.52905214112252,0.229203959423071,36.0165273630992,0.000221862497623079,1.29163509013597,10
308,3.44030562555417,1.5475200456711,136.146314300131,0.000757608343218453,1.4459863670636,10
309,1.20533991139382,1.80095555298305,72.7765292557888,0.000572773651452735,1.15088031277992,10
310,2.20134924026206,1.31112857030514,118.164069966879,0.000965439474699087,0.39498061418999,10
311,1.42343297717161,0.00502661927226,34.4062441168353,0.000748207307700068,0.573604546836577,10
312,1.57992958719842,1.30671099917428,63.9802107727155,0.000919554747594521,0.822608409100212,10
313,3.52405515033752,1.50294121038849,91.0441148350947,0.000373465146915987,0.720140441553667,10
314,3.15974196512252,2.00884715786627,60.5771660828032,0.000665801167720929,0.265170230995864,10
315,1.80163624929264,2.08460183462005,78.1482924101874,0.000287413698388264,0.291346327518113,10
316,2.48500493448228,2.34755269207729,72.5565392803401,0.000865448832558468,0.285922320443206,10
317,1.24934169347398,0.417154634341621,83.2533539179713,0.000146460388042033,0.463864033925347,10
318,2.06165272183716,0.489820707180793,77.0918445871212,0.00078694833109621,0.590937329339795,10
319,3.90762641606852,2.27865277615695,54.6922715264373,0.000743760939827189,0.12205433822237,10
320,2.87414256902412,1.3311664819431,104.744118752424,0.00079098147386685,1.12898284569383,10
321,2.99385474924929,1.88904352440177,51.0764315002598,0.000667655610991642,0.503468045848422,10
322,1.93746896949597,0.313628129614028,125.731030956376,0.000834871185640805,1.38555588189047,10
323,2.21706883818842,2.50666313693179,125.071785433684,0.000474686008109711,0.53639663150534,10
324,3.98823211458512,1.00191469084723,96.5758172236383,0.000943949464359321,0.529435731936246,10
325,3.56524706911296,0.598637613908062,90.4426917550154,0.000361704945331439,0.62052468128968,10
326,3.86064518801868,2.08366697484602,26.051189461723,0.000202614533226006,0.320216733030975,10
327,3.43691527703777,0.497719700295362,75.3612397797406,0.000641742306901142,1.49066843872424,10
328,3.34654634748586,0.221984315075632,103.283176769037,0.000122830712725408,0.904081332846545,10
329,1.80363438674249,0.114804741789517,20.0853252341039,0.000176079796929844,0.836569813778624,10
330,3.28645458864048,2.53807604774213,132.630486865528,0.000400249584508128,1.34098727919627,10
331,3.95893476740457,1.12070723716181,33.1358721735887,0.000163367802160792,0.104595298762433,10
332,1.88081664708443,2.64214402073189,32.4461663747206,0.000734571862942539,1.17294712574221,10
333,2.1980533208698,0.271044285628409,121.041248242836,0.000166779553587548,1.23542781325523,10
334,3.4363945715595,1.48777264289518,23.8364834873937,0.000392512401402928,0.731473415507935,10
335,1.231455007568,2.26299277590155,64.4693444459699,0.000423047728720121,0.579998204950243,10
336,2.09109042957425,1.81771185007107,122.221063615289,0.000449499354884028,0.0809044222114608,10
337,2.32777740154415,1.58528554839119,34.7501283348538,0.000806899034045637,1.38095620425884,10
338,1.4701423975639,2.73062902757342,65.5328584206291,0.000643913415749557,0.381839952548034,10
339,2.74661581055261,2.95718813882887,62.9278046335094,0.000786330777825788,0.782159993425012,10
340,3.91048653656617,0.83929971168146,110.567967053503,0.000312274398468435,1.23457750515081,10
341,3.96849950030446,0.370562734885747,65.9698593057692,0.000357386209117249,1.41892100824043,10
342,1.52935610944405,0.523219694034313,72.8032788285054,0.000385801002103835,1.27047711925115,10
343,2.62639127322473,2.64401763075031,60.0438868277706,0.000929716037446633,0.73969157715328,10
344,2.15291167609394,0.373972353593982,144.696381487884,0.000505393140134402,0.167680445127189,10
345,3.02849215245806,0.896976817064639,109.734950857237,0.000213353111152537,0.440533753484488,10
346,1.80788133922033,0.494287446313654,135.146136474796,0.000229587482963689,0.854182213777676,10
347,2.40775282704271,0.217921372542088,141.661168136634,0.000379963589506224,1.46411204128526,10
348,1.51540024694987,0.715318104881793,116.730387208518,0.000977760030818172,0.385124352062121,10
349,2.10756838717498,2.15002814931013,128.998000386637,0.000308586946339346,0.128927701385692,10
350,3.17621581768617,1.9350984732907,123.916381855961,0.000134382552979514,1.4670820212923,10
351,2.45844731293619,0.227717312211078,136.173238004558,0.000606931287585758,0.99681582825724,10
352,1.19140740018338,0.518209495305177,128.047810378484,0.000836616662703454,0.882642386248335,10
353,3.35363868996501,0.437096506540501,68.197513166815,0.000135960710281506,0.246683521312661,10
354,2.2549649074208,1.17576436289879,133.357369557489,0.000127107406361029,0.149083654861897,10
355,3.94305425439961,0.695312123738066,124.099007609766,0.000893762054061517,1.32533964549657,10
356,1.84865186759271,1.68418333072485,43.0469906725921,0.000186600766400807,1.02842206112109,10
357,3.54364644852467,1.75060220777937,41.226100071799,0.000897661008220166,1.00556833692826,10
358,1.24671769258566,0.296368138845265,142.783583698329,0.000891963231633417,0.473497314378619,10
359,3.65937625174411,0.476833732471522,77.8028881945647,0.000852288491884247,0.500889175222255,10
360,2.41579219256528,2.76620400549241,30.1910367212258,0.000601519356109202,0.537776387413032,10
361,1.32730289036408,2.57836321226461,148.124311151914,0.00052059397068806,0.529260011971928,10
362,1.99983395356685,2.72160554044691,22.0589683903381,0.000787702572043054,0.397720897919498,10
363,3.51224970771,0.345895342316898,84.3347259121947,0.000888591956207529,1.21937677497044,10
364,1.83054952509701,0.106714148247801,75.4614117625169,0.000731757188215852,1.31222302769311,10
365,2.76110542425886,1.75730458720024,69.4085063785315,0.000718118798895739,0.215154881472699,10
366,3.51019680919126,0.9425733777432,115.802769821603,0.000673183361510746,0.251741653075442,10
367,1.21346207195893,1.67071213354534,56.3399857957847,0.000848064257227816,0.327749085263349,10
368,3.10833623004146,1.06355079685058,105.316903355997,0.000428591395216063,1.49109972745646,10
369,3.09647361165844,0.429890608056053,121.364393352997,0.000613501280825585,0.987469104467891,10
370,2.39188714302145,1.70144967476444,113.866825741716,0.000667137017822824,1.23267771222163,10
371,2.31079333135858,1.0023625636121,147.712785769254,0.000653457340295427,1.1601816782495,10
372,2.68653036328033,0.361291531662457,90.6319532194175,0.000133137072785757,0.0547053508926183,10
373,3.78544967900962,0.767637387182121,105.785419023596,0.000115557234105654,0.0647584941470996,10
374,1.69139924272895,1.06022061079086,55.755116972141,0.000161210677470081,0.0843657270306721,10
375,1.66544126323424,2.49397665600728,71.6027362132445,0.000365744792367332,0.864342964952812,10
376,2.26064767991193,2.34969342723929,92.6939952326939,0.000214033634308726,0.724365552538075,10
377,2.00056241708808,2.82046260694768,147.523538409732,0.000860243252641521,0.1840078815585,10
378,3.59442265098915,2.51761317520635,145.445680890698,0.000624603366176598,0.596209983690642,10
379,1.53158360719681,0.447040159057616,48.3451828919351,0.000586298609734513,0.390738329384476,10
380,2.47995618591085,1.77206918766787,71.1122130579315,0.000607968891551718,0.976223069708794,10
381,2.28914010035805,2.47190540574661,133.240982894786,0.000200329873268493,1.35797100118361,10
382,2.69279152899981,1.89569290751398,109.906552254688,0.000552938676811755,1.11019334080629,10
383,2.96848694654182,1.4098428914668,63.7776998011395,0.000252042760816403,1.26257568178698,10
384,3.93566218833439,0.77629683664015,109.762617610395,0.000397392776468769,0.0663598689716309,10
385,1.69648344535381,0.0738385944974842,39.9485314916819,0.000360257182153873,0.634909196407534,10
386,1.72243478847668,0.986491502196086,135.751844986808,0.00088467554107774,1.31090931978542,10
387,3.39050825196318,0.674637967928639,135.497983745299,0.00098476833011955,0.263046509935521,10
388,3.49501514504664,2.63200778504224,37.940435167402,0.000504765892145224,0.523142391582951,10
389,1.34052311931737,2.03299483667747,24.6733980788849,0.000485863508167677,0.932767169550061,10
390,3.88993604900315,1.57784731758193,66.1522294767201,0.000368840561341494,0.632550004287623,10
391,1.44196869898587,1.67310422312731,69.2629901715554,0.000333594398456626,1.41498887969647,10
392,1.4308808282949,0.742490273074992,99.9209707626142,0.000814015527372248,1.49284875195008,10
393,3.77568980562501,0.0219895827561617,85.8046272792853,0.000116373848565854,1.22635731578339,10
394,2.52110680774786,2.84672441485315,63.934167297557,0.000131120120128617,1.35146772663575,10
395,1.46455305116251,2.15747850064584,62.7868548966944,0.000125734618888237,0.983763776952401,10
396,2.04490615637042,0.838045701326616,94.5286149973981,0.000611582514410839,0.605454777600244,10
397,2.97946307738312,2.23137418982233,26.5923056728207,0.000900274150562473,0.795255144825205,10
398,1.93531712330878,2.61225812792291,72.1251883683726,0.000599371265224181,0.753721533226781,10
399,2.05472022783943,1.14117233851105,53.8820356805809,0.000277591109299101,1.28296720446087,10
400,1.44353712070733,2.15837060296312,41.9309589010663,0.000813187502208166,0.381050442927517,10
401,2.97663282719441,0.718896170479967,27.7650307398289,0.000952761640166864,1.23061866522767,10
402,1.55520989350043,1.94332984598228,26.8356776959263,0.000164116198616102,0.546547124977224,10
403,3.86313441069797,2.92701471511477,146.460132219363,0.000433935095695779,1.18623142910656,10
404,3.69354547606781,1.13405862391875,123.298986724112,0.000702788614411838,1.36475073988549,10
405,3.8310911632143,1.3924859714099,24.1168012167327,0.000108998521021567,0.357524029095657,10
406,3.17107225372456,2.43690765768455,90.6270246533677,0.000774904493242502,1.08482260722667,10
407,2.11107119778171,1.48327489873904,22.2876143432222,0.000987261617742479,0.00536556739825755,10
408,3.34305262076668,0.151022037064866,120.967086749151,0.000346518691955134,1.14584995794576,10
409,1.03344852593727,0.391952159609459,118.449194130953,0.000225567687116563,0.428011671057902,10
410,3.82092613657005,0.484398804488778,21.3712590676732,0.000978763819043525,0.510573833948001,10
411,3.98124767863192,0.26845053417841,126.32883065613,0.000375671468768269,1.35459321399685,10
412,2.0722172355745,1.21090190317451,131.32496395614,0.000612481702142395,1.31636964005884,10
413,3.24290519044735,0.191673217603285,74.900260688737,0.000584386774525046,0.636810501571745,10
414,3.37872707145289,1.68606156670114,102.458441681229,0.000965313346753828,1.22471949784085,10
415,3.11757701914757,1.00963867146657,74.3497533211485,0.000506958510004915,0.3925816611154,10
416,2.42747511621565,1.6219727789606,62.2063655173406,0.000440803882200271,0.876280984142795,10
417,2.48396357800812,2.73970234275479,119.552339368965,0.000157980776042677,0.0313591933809221,10
418,1.92415734636597,1.16070358937345,111.60521671176,0.000703923106053844,0.594147288473323,10
419,3.08503673877567,2.88080546542143,139.476676420309,0.000158902395213954,0.409197089960799,10
420,3.46837991685607,1.15412130535038,99.3177516711876,0.000281772016640753,0.304182524560019,10
421,2.30415292223915,2.82481177774232,27.2611318598501,0.000926724920514971,0.31424805347342,10
422,2.54419795842841,2.04193890791871,115.699777558912,0.000961196752078831,0.175339410896413,10
423,2.98903290298767,2.70793679677665,137.515829387121,0.000315407470264472,0.407998105860315,10
424,1.42949975957163,0.761465817391849,111.235934386496,0.000466245395992883,0.133389031165279,10
425,2.03346218122169,1.21835077864598,95.1009360770695,0.000816532559250481,0.801942012738436,10
426,2.21729074697942,0.0428444156415528,93.5591026348993,0.000892565736663528,0.405313759110868,10
427,1.25593301746994,0.33143233781755,67.732815775089,0.000960543251759373,0.611065792967565,10
428,3.79771578474902,1.5046632219777,92.3998222430237,0.000664474798808806,1.02399699948728,10
429,3.51515220012516,1.11464279150807,136.621722078416,0.000296146722626872,1.34493055706844,10
430,3.63829988846555,2.41776607130531,55.3899789392017,0.000573037998657674,0.453902238048613,10
431,3.80713740293868,0.0238677384085488,127.423311502207,0.000315833134949207,0.0883987377164885,10
432,1.21738190040924,2.50955252641251,107.879436134826,0.000946584830060601,1.13858881336637,10
433,2.13627832150087,1.1305798540205,136.91769819241,0.000120822456921451,0.101485351799056,10
434,2.61359476833604,1.15580707479839,58.5657757543959,0.000671241096640006,0.917703837621957,10
435,1.3151504159905,2.85459657350073,70.110374186188,0.000974147808575071,0.204436843749136,10
436,3.40506311669014,1.42707515093484,137.695458005182,0.000196592083200812,0.359610452782363,10
437,3.21892523742281,1.65632617363019,121.552933380008,0.000302286312892102,0.732584588346072,10
438,1.15644704014994,2.80415550342875,90.5316193029284,0.000231600467627868,0.809378263307735,10
439,2.44650871958584,2.59032242458346,100.116424178705,0.000417458553728648,1.47770339436829,10
440,3.76155352196656,0.779817461573658,140.345695081633,0.000400097040366381,0.904483253485523,10
441,1.12458528671414,2.06313073376652,59.3260966078378,0.000177661805925891,1.37193496793043,10
442,1.88197539700195,1.34377694782619,67.2205777931958,0.000974034154159017,0.354215425089933,10
443,2.5025514618028,0.65412702608204,144.87292352831,0.000793849292164668,0.528860866441391,10
444,2.82924680528231,2.05874182150275,74.5449171029031,0.000127098921569996,1.44464975001756,10
445,1.79274714877829,2.8781501376739,93.3511354052462,0.000951766768819653,0.327097509987652,10
446,2.26929582864977,0.778287502320809,124.061923306435,0.000524299454386346,1.30915030476172,10
447,2.09969084896147,1.40633309978202,82.1653446392156,0.000630944880261086,1.34535045269877,10
448,3.82751596719027,0.964086538981763,133.316259249114,0.00098849821605254,0.586332028498873,10
449,1.37117069540545,0.494011979359016,111.20636519976,0.000409949534619227,0.931445736670867,10
450,1.21009803772904,2.14421170333144,36.6876629670151,0.000695687315589748,1.01141849288251,10
451,3.89295111387037,1.58454443753387,104.712363430299,0.000142751079681329,0.506685261963867,10
452,2.32753032469191,0.704220568887447,123.936088522896,0.000892897314066067,1.39818294311408,10
453,2.1108171408996,0.193388541355194,51.2214696547017,0.000938782004918903,0.727479289169423,10
454,1.5107307403814,2.02732291224366,132.319393286016,0.000959422370861284,0.730191000388004,10
455,1.16257128817961,2.41845547103628,82.2433314309455,0.000779833321366459,1.32366758957505,10
456,2.97348420787603,0.346502158607286,62.8664100542665,0.000845699277892709,0.721911659231409,10
457,2.73448575008661,2.07607406256692,149.405330070294,0.00053529122970067,0.686890460550785,10
458,3.96130529185757,0.065456506939535,118.740487878677,0.000752879677247256,0.0416544080944732,10
459,2.81137720448896,1.08419398814791,81.2384443613701,0.000897194662806578,0.870321401045658,10
460,1.19484975631349,2.19686692181113,53.4859680966474,0.000156187141383998,0.742145217605866,10
461,1.48632724559866,0.937937863440136,69.8564595822245,0.000912650305521674,1.17363714391831,10
462,2.42619376140647,1.34151444443399,58.7339695519768,0.00012542686893139,0.78555372718256,10
463,1.00579850422218,2.47633466016254,119.921416961588,0.000389766569761559,0.440790321095847,10
464,2.32437742920592,0.995453216056898,75.8662614808418,0.000215334439883009,0.187587169697508,10
465,1.78278921172023,0.432161099135713,105.275696765166,0.000199127722484991,0.0320327089866623,10
466,3.8152412364725,0.902832164254668,51.5453945286572,0.000562008015904576,0.752681290148757,10
467,3.14749985118397,0.487889130550809,58.373997961171,0.000849063844862394,0.737032208126038,10
468,1.48925643507391,2.51843078793774,140.889517038595,0.000501138070132583,0.28266686189454,10
469,2.42856405535713,1.99295600080879,38.1305456487462,0.000780320342630148,1.3337994182948,10
470,3.0707701689098,0.416688030044548,82.7069533406757,0.000909756572265178,1.12335661053658,10
471,2.38268553861417,0.977712853475544,124.224342124071,0.000377242504595779,0.646586754941382,10
472,3.86544021498412,2.4943075136211,63.5887559386902,0.000601168620819226,0.752929051523097,10
473,3.13762036734261,2.46763505923429,91.1491206148639,0.000999275210965425,1.11998860049061,10
474,2.19144379976206,0.448284821108077,26.5797892864794,0.00028188482071273,0.642229675780982,10
475,1.35316183627583,1.26389694062078,109.074028579053,0.000104859965341166,0.437852252041921,10
476,1.72034881915897,1.33560343627741,88.3821539091878,0.000373677735240199,0.974199143936858,10
477,3.5908916995395,2.6517937345925,70.1021903287619,0.000547078073373996,0.269183304975741,10
478,2.30792920500971,1.24505048029474,48.3501618844457,0.000125539446272887,0.255518160061911,10
479,2.49360415595584,2.06970749639494,26.4032847178169,0.000885342402779497,1.00347400561441,10
480,3.07578301639296,2.15079093923734,64.0185006801039,0.00094067078109365,0.535191157716326,10
481,3.28093984536827,0.0372362718723249,88.5805692593567,0.000937788347061723,0.525195529684424,10
482,1.46620366792195,0.113584562462103,66.8129393644631,0.000141875896882266,0.935264010331593,10
483,3.54837127914652,0.272723154904647,148.906574810389,0.000851886419951916,1.20031656778883,10
484,3.84045345708728,1.19653201991224,26.0265546827577,0.000852300582150929,0.358626330737025,10
485,2.7652575711254,2.70065370633111,29.3472462124191,0.000603070149640553,1.24456364416983,10
486,2.50675244582817,1.33476339501927,107.92773996247,0.000893035466480069,0.999312216066755,10
487,1.56933975312859,2.26548376096091,41.1067496286705,0.000806425598170608,0.511006906279363,10
488,1.00551057467237,2.13443957166479,95.4485930479132,0.000913965161051601,0.348875327850692,10
489,3.63273418671452,0.500352375307702,31.7995610041544,0.000740291325398721,0.810223010368645,10
490,1.40233401348814,2.60744025323444,105.292890947312,0.000617953584552743,0.766012173495255,10
491,1.06822367245331,0.267644687849865,66.4758558175527,0.000540165328397416,1.23211649910081,10
492,3.8174101181794,0.489124688760913,50.4233124293387,0.000283853903273121,1.07095675973687,10
493,1.87884616851807,2.54807612954131,139.135943674482,0.000271200661035255,1.3916989909485,10
494,1.49297972326167,1.88442821051048,23.9721500384621,0.00085454615666531,0.144156188936904,10
495,2.19730766746216,0.625459006955475,77.0796254021116,0.000899248514906503,0.518612688523717,10
496,2.37872623628937,2.01861519441125,146.579741756432,0.000611000437336043,1.08482164680026,10
497,2.3020925456658,2.89262065210815,71.8883049837314,0.000426430428470485,0.471777152270079,10
498,2.5510294791311,2.64522838214792,139.570082540158,0.000308002645964734,1.2810791322263,10
499,3.53873725794256,2.8852978844526,32.8393038362265,0.000445805886224844,0.563877135864459,10
500,1.16549285920337,1.39413308760293,61.6867113043554,0.000615195995406248,0.613916523638181,10
501,2.6625311835669,0.218724784008926,88.3824781095609,0.000639927223161794,1.33029197284486,10
502,3.06482571270317,2.62293882970216,29.5336052495986,0.000815009148349054,0.317184338229708,10
503,2.97417266108096,0.596698531533987,130.46642773319,0.000554128236928955,0.338596157147549,10
504,2.9900281757582,1.60381581684961,74.9975411710329,0.000586136760003865,0.446126426453702,10
505,2.41670260764658,0.316776016753586,148.452489494812,0.00012168065966107,0.38712423783727,10
506,3.90858449833468,1.15204665230715,82.2536367410794,0.000799506252445281,1.05552465829533,10
507,2.20659118820913,2.24314300308011,137.74022072088,0.000401441404386424,0.599480029544793,10
508,3.54865631135181,2.08740341471776,22.4057710170746,0.000521630283002742,0.428082111175172,10
509,3.26993472222239,0.295265476867859,44.9786968715489,0.000756848081550561,0.146136148483492,10
510,2.5978036581073,1.83463422693878,69.9599126749672,0.000770247087278403,0.0133328799856827,10
511,3.62244898243807,0.062873669062159,59.9667351297103,0.000901723420387134,0.503314995439723,10
512,2.40134534682147,1.94917177628805,88.6778629384935,0.000370569130219519,1.42710846313275,10
513,1.02438536612317,2.9351363730496,114.669338620733,0.000191708667599596,0.517333842348307,10
514,3.18330101389438,2.52752912715536,143.962349467911,0.000271620579715818,1.45415698096622,10
515,3.14976843632758,2.5283732474704,84.4792365259491,0.00033190001223702,0.78580855729524,10
516,1.5622791131027,1.16241774249191,37.1622421289794,0.000345362084242515,0.0195521581918001,10
517,2.93820183048956,2.37923399924415,99.1009382298216,0.000106551563530229,1.12794349179603,10
518,2.62593783950433,1.21864905758665,148.942915338557,0.000926115722535178,0.132462036330253,10
519,2.00596227939241,0.760121380491974,32.3122568498366,0.000856457349611446,1.41258772742003,10
520,2.91372616961598,1.25797003671471,136.386849426199,0.000439353402657434,0.369426979799755,10
521,3.48760319151916,1.48654904875455,63.5319166909903,0.000551835993025452,1.18710881948937,10
522,3.12692559533753,2.57475204623721,81.383200569544,0.000398951807315461,1.18321739311796,10
523,2.04565105261281,2.19682133415942,43.0253360792994,0.000806981703499332,0.152725008199923,10
524,1.38498362479731,2.92328802865923,65.7151536783203,0.000803462445992045,1.08006621000823,10
525,2.16423546662554,0.300254723632964,42.9526850185357,0.000357987007591873,1.40069443162065,10
526,3.78453264501877,2.49778925201111,104.895951161161,0.000448854235420004,0.0789806765969843,10
527,3.41317231394351,1.35171747817278,50.6931400322355,0.00062619282878004,1.18524456198793,10
528,3.27609042124823,2.55139236159439,136.631320570596,0.000994735201098956,0.499642099253833,10
529,3.87174966675229,1.70929765591978,64.0891890437342,0.000852162297302857,0.788616884616204,10
530,3.98174163606018,2.88463138750859,140.093494523317,0.00075416980846785,1.26132850418799,10
531,2.81932298396714,2.86425672667376,84.7060508420691,0.000466686954861507,1.36580173240509,10
532,1.08813149644993,0.851410148748802,94.0793793392368,0.000962673717387952,0.853071338846348,10
533,2.00933607365005,2.21884553277809,115.781366059091,0.000821768410829827,1.05908329831436,10
534,1.83297426020727,0.212320652796119,47.927577609662,0.000734366755466908,0.944783531595021,10
535,1.3515926504042,2.70036862844788,59.6906584897079,0.000769091250700876,0.658168839756399,10
536,1.12965477700345,0.400348375791218,132.254981957376,0.000137045515677892,1.25897612376139,10
537,2.11092935712077,1.66770264447602,45.4436070472002,0.000150267867138609,0.420257471851073,10
538,2.01063492638059,1.80126405680627,130.622915206477,0.000907111372705549,1.42941288196016,10
539,1.52095766039565,0.398969820793299,143.106224513613,0.000659350143023767,1.21852469129954,10
540,2.86531983851455,1.52798608055953,55.6929445662536,0.000744049821281806,0.651927792350762,10
541,2.1935308824759,1.10121301771018,129.181286436506,0.000105813752789982,0.0202687215059996,10
542,3.86702730599791,0.0100133117375197,38.7012495403178,0.000235729334037751,1.46689371136017,10
543,2.96004832931794,0.144034783015144,118.416548264213,0.000451303887064569,0.657682049553841,10
544,1.9862311501056,2.64615714568759,77.9964535241015,0.000742745688511059,0.240821940475143,10
545,1.59144014050253,2.47056876864613,144.206130926032,0.000361293039750308,0.19477089587599,10
546,1.34602697449736,1.23915139988726,102.592257859651,0.000853598395804875,0.0957105865236372,10
547,3.9878964361269,2.76520748071533,41.3331282977015,0.000828546780906618,0.0325284384889528,10
548,2.13783017569222,1.43226105992938,72.9060265864246,0.000263680924824439,0.392024640343152,10
549,2.68596427817829,1.4250357712568,147.368803482968,0.000653881396492943,0.882130639976822,10
550,3.1981540529523,1.97354241746715,39.1020776424557,0.000188354863622226,0.314414087450132,10
551,3.61241665878333,0.490045029467158,135.698074034881,0.000347661608457565,0.673669227166101,10
552,2.71651077899151,0.285673594115884,45.5714533803985,0.000802131198393181,0.499180607032031,10
553,1.0331082129851,2.58455822545658,100.676319343038,0.00049378797840327,0.0322241303510964,10
554,3.71894578379579,0.719713521285611,123.030329099856,0.000299775053211488,0.605173440417275,10
555,3.31196089461446,1.66625685558452,115.393419768661,0.000615759273129515,0.584792918642052,10
556,2.14751387014985,2.54823484466758,117.723644138314,0.000802437937702052,0.122505076811649,10
557,1.2821376665961,1.04900777717987,88.1793266977184,0.000239970188122243,0.994481397676282,10
558,1.14896075171418,2.92721821185993,101.893711055163,0.000862416790355928,0.381396337528713,10
559,3.46348695433699,2.60822964992786,79.2640418116935,0.000323471629945561,1.10977592412382,10
560,3.4879729130771,2.26239674047474,53.020627903752,0.000821889174357057,1.49303210293874,10
561,2.96419862727635,0.671097892738692,27.4731791531667,0.000196291337371804,0.923650126671419,10
562,1.39848343911581,2.30947241468246,76.5894157323055,0.000621139855240472,1.10724825120997,10
563,2.02542970352806,2.62415328158666,120.247547463514,0.000156150656635873,1.14595980348531,10
564,3.19411473697983,0.131474944933527,36.7902079899795,0.000181646458129399,0.608211318380199,10
565,3.72187424823642,0.599362145215087,147.909114172217,0.000369956346671097,0.86448982602451,10
566,3.08859099820256,2.56124170058845,125.843001278117,0.000676747137401253,1.47605604934506,10
567,1.72473766678013,1.95679715967611,147.618517132942,0.000543348159152083,0.965031665051356,10
568,2.93232168583199,2.60800912451707,24.7241597273387,0.000599782761977986,1.2728026388213,10
569,1.84225064096972,2.44092839874239,93.7638277094811,0.000152581054903567,0.682285721297376,10
570,3.87290956219658,1.08440676893834,72.2233751346357,0.00040862076471094,1.30818119226024,10
571,1.47518787020817,0.272778448476689,79.4160213228315,0.000712049200246111,0.22494396509137,10
572,2.25501697510481,1.7240084058516,72.4321707081981,0.000490947174350731,0.743650575284846,10
573,1.75602939212695,1.96422576768282,94.3868426373228,0.000326909278728999,0.899561874917708,10
574,1.28317080321722,2.46663210854565,53.8326238933951,0.000231785443238914,0.814710537088104,10
575,3.48315330897458,1.36678098759982,133.631383131724,0.000659917894168757,1.23281688289717,10
576,2.57591651123948,2.95298826221537,149.101342747454,0.000621709664561786,1.29844946356025,10
577,3.00324288243428,2.25122009452439,140.92628828017,0.000601009847456589,1.4828176778974,10
578,2.22483327938244,0.400753705529217,148.248645854183,0.000121913961134851,0.275803238153458,10
579,3.52776971017011,0.64559902074039,105.584546609316,0.000418770320527256,0.494171588681638,10
580,3.21191640384495,2.54515377513429,59.310095438268,0.000440100067621097,0.570821807370521,10
581,2.04467320302501,1.3960770222387,132.764623642433,0.000123302723676898,0.757032409426756,10
582,3.84681453229859,2.747311794073,107.263742941432,0.000708784605911933,0.886674038716592,10
583,2.94003756996244,2.74968155920005,83.5959507175721,0.000149551267852075,0.0250654898118228,10
584,1.10583330062218,2.45958176601378,101.715908292681,0.000138938246015459,0.611581637640484,10
585,2.78934536711313,1.70074678271459,109.785809211899,0.000104978989623487,0.321220406563953,10
586,2.24595400458202,1.84646993603131,107.397893096786,0.000286102735204622,0.88345317018684,10
587,1.23069111444056,2.38442138969069,134.675307425205,0.000922067665006034,1.35190398653504,10
588,2.58414663770236,1.319145675865,109.405965751503,0.000406986573548056,1.40924210369121,10
589,3.8869999255985,1.23782050070672,149.98224970419,0.000423257109080441,0.599426682572812,10
590,3.12622015341185,1.69649930685968,52.5697224517353,0.000879633625573479,1.44591719505843,10
591,2.66042711073533,0.455028331252211,82.2006518789567,0.000976231419574469,1.07292473386042,10
592,1.72886982699856,2.42240179025969,21.9630907685496,0.000982232555886731,0.287051812629215,10
593,3.33412758703344,1.48697453490079,52.7625717315823,0.000165441135060973,1.12163660419174,10
594,2.95582283032127,0.421613498240476,62.4655582825653,0.000515535316523164,0.789650519611314,10
595,3.49073711177334,0.330956808488094,107.377161586192,0.000937735577533022,0.256727398023941,10
596,2.94565284228884,0.332462111099204,117.297369500156,0.000217171526327729,0.41877667105291,10
597,2.43950738292187,0.0142423668787815,64.5166154694743,0.000873156810807996,0.759280221071094,10
598,2.48519231681712,0.715289225298609,56.4337776205502,0.000568016861681826,0.804514684947208,10
599,2.13961777440272,2.6364807552139,115.859154807404,0.000301940790307708,0.887906613643281,10
600,2.35145631153136,0.231748250212707,101.506021437235,0.000484419169626199,0.649160048109479,10
601,3.44275525142439,0.415701826538681,102.360421812627,0.000786171569442377,0.566457570064813,10
602,3.7863316773437,0.142668972276174,48.0775938485749,0.000634445473784581,1.21559196710587,10
603,1.44244313566014,0.101853228333499,137.772333810572,0.000747558433562517,0.872259791940451,10
604,3.24946499499492,2.74827544612163,96.2119721481577,0.000355682202777825,0.832267711521126,10
605,3.92697204905562,2.52061716173966,41.9159016385674,0.000497507474967279,0.384840174461715,10
606,3.92437739041634,0.53669636231875,108.815699934494,0.000776249516708776,1.04481474438217,10
607,2.05187671049498,1.48585430853229,34.8187861707993,0.000940683107520454,0.186603468144313,10
608,2.18184717092663,0.920944885361497,88.6250554164872,0.000164272004994564,0.980137671343982,10
609,3.85285302717239,0.823203447908582,142.396248427685,0.000450926243560389,1.0516104666749,10
610,1.31994495890103,0.384818741915072,39.3630377249792,0.000214862890983932,0.0847993860952556,10
611,3.8042803495191,1.28820280162666,96.5857980912551,0.00098083588690497,1.37749347451609,10
612,2.03848629957065,2.0878652966683,134.175938451663,0.000245054016285576,1.08293943142053,10
613,2.59918181761168,1.00524864933612,43.160436861217,0.000204309080797248,0.858095499803312,10
614,2.61638289806433,2.10376917563374,81.2083611940034,0.00080746275621932,0.844414626248181,10
615,3.14415384922177,2.52162069076034,38.390105413273,0.000914764192793518,0.70856221485883,10
616,2.21737150033005,2.64790775677406,32.9197397618555,0.000639883092022501,0.448044335120358,10
617,1.45836442383006,2.29979139126623,57.7456890419126,0.000370122991688549,0.576301734661683,10
618,2.02069828403182,0.966150680071837,51.9118797895499,0.000303441514959559,0.0837673202622682,10
619,2.87996454257518,0.126446811624919,113.932712120004,0.000674581643380225,1.38198525540065,10
620,1.17211803491227,2.67814049584267,89.7156920167617,0.000351122368872166,0.306869865045883,10
621,3.55500291939825,1.91435162505521,58.8701524445787,0.000524287426564842,1.2965001660632,10
622,1.63793603749946,1.66352389933299,45.9610533015803,0.000930552051402628,0.229688809253275,10
623,2.61838608351536,2.29901321128083,138.323018276133,0.000502335666189902,1.37985268200282,10
624,1.40946275857277,0.290674197282735,24.2862566141412,0.000258514029276557,1.33058417681605,10
625,1.97459542145953,2.24407466107386,97.5221752747893,0.0005184168235166,1.10010179621167,10
626,2.86322888126597,2.62566644127159,39.6176511561498,0.000880423093563877,1.15969101665542,10
627,1.76794674573466,0.0231050197251374,95.0942742149346,0.000838571779755876,0.911903621745296,10
628,2.90462739649229,2.80475746466357,79.0819649072364,0.000951334006129764,1.17667106282897,10
629,2.45701632089913,1.22095627764016,84.1951406258158,0.000561286349757574,1.03700662369374,10
630,3.8145307500381,2.36631129273057,88.4069256507792,0.00019470371522475,0.861122580827214,10
631,3.57250461122021,2.92838526077271,69.7916756849736,0.000921624131780118,0.905784454545937,10
632,2.11265061306767,1.00027429741493,140.756726490799,0.000990735324216075,0.59660136164166,10
633,1.94260548986495,2.36166574143304,76.3443206436932,0.000590662788017653,0.17257005663123,10
634,3.48560307943262,0.268173812075611,51.8191221309826,0.000471008395915851,0.340895641129464,10
635,2.35552453948185,0.131195336059807,133.913445295766,0.000612268950580619,1.47643910127226,10
636,1.94763523666188,1.54484972110323,43.745789306704,0.000941662324825302,0.590526857413352,10
637,1.29342561261728,0.144363173637702,31.7420880659483,0.000530807117279619,0.189011006033979,10
638,1.19470160966739,0.267679463206907,51.0907830647193,0.000500283192074858,1.41636728995945,10
639,3.06837209942751,2.06500773205636,131.985963690095,0.000401955886022188,1.24429351498839,10
640,3.00415181182325,0.104612117328984,128.232215980534,0.00015577288530767,0.982827907428145,10
641,3.71363994339481,1.29278968225624,67.1786439232528,0.000624115888937376,0.162365098600276,10
642,1.90507981134579,2.27790622422886,44.4279276253656,0.00025517402945552,0.64038729085587,10
643,3.79842611402273,2.49540768416084,119.936975764576,0.000855663617956452,0.278553077951074,10
644,1.60594905214384,1.14744930442641,77.3024981608614,0.000353190813027322,0.638107857783325,10
645,3.37713626795448,1.84670290116873,81.9722010032274,0.000812923131743446,0.358784790965728,10
646,1.67389152641408,1.03502545251779,147.485404806212,0.000756204249337316,0.72830043558497,10
647,1.0922697132919,1.59688309434263,31.5935868001543,0.000856338655366562,0.173287910060026,10
648,3.58610212360509,0.780101319930633,32.6601139223203,0.000545327206328511,1.35946271033026,10
649,3.05532251554541,1.71862458087639,102.636938791256,0.000962586492788978,0.708091319887899,10
650,3.82622472872026,2.71754945058927,45.8100685779937,0.000169148294092156,0.533200873760507,10
651,3.02756128134206,1.69810903332753,54.008669659961,0.00067552284267731,0.296815228764899,10
652,3.5293604452163,0.169554804644105,61.4391033677384,0.000862921330216341,0.333584751351736,10
653,2.08568255486898,0.306431024849857,133.044970550109,0.000605688067153096,0.843485599849373,10
654,2.17709765559994,0.985092733515496,26.7715159570798,0.000625483470829204,0.875546057824977,10
655,2.70306219276972,2.9718024616715,46.5084109827876,0.000945786863658577,1.46726084325928,10
656,1.2854564008303,2.14312458158298,94.3936158251017,0.000373962269420736,0.976620528032072,10
657,1.58135221479461,0.237014654226578,24.7977469163015,0.000527011653850786,1.15442846913356,10
658,2.76419917913154,1.84268792666804,22.351994223427,0.000846511327358894,1.24423033604398,10
659,3.25451250444166,1.47975169505929,45.5514639196917,0.000241007252293639,0.0680432463996112,10
660,3.60171636170708,0.8073660547768,64.3270739051513,0.000938648855453357,0.335670211818069,10
661,2.11538721155375,0.879403277433617,56.8749279738404,0.000267360908677801,1.02536104456522,10
662,3.39644364872947,1.42588737286953,44.2234288947657,0.00036354110725224,1.00641939311754,10
663,1.17494317772798,2.89223923095197,46.5748227224685,0.000330751143745147,0.79464950656984,10
664,2.87030712817796,1.27095394305121,50.1408922253177,0.000199484864692204,0.676283901091665,10
665,2.06992421997711,2.53230687761388,72.7932391501963,0.000168235416826792,1.46093632746488,10
666,2.76378379715607,2.86148667126,132.732036495581,0.000134673802112229,0.359075376880355,10
667,3.74135392601602,0.859491926917713,55.8556406991556,0.000929738369560801,1.03990850911941,10
668,1.59832654870115,1.62259410873102,117.832085515838,0.000760970197385177,0.207246585865505,10
669,2.10725087160245,1.74417681587939,64.2820022744127,0.000348664865060709,0.597038027015515,10
670,3.01422498328611,0.768935054621333,144.8134334106,0.00041637727858033,0.11483903916087,10
671,3.3044336521998,2.63426409650987,101.710321065038,0.000881581520359032,0.155084374593571,10
672,2.56674482813105,2.64691893261382,129.8907155497,0.000793494335748255,0.747691592085175,10
673,3.48422505403869,2.96200532063644,35.8968714554794,0.000992295186128467,0.77798933268059,10
674,2.58128858404234,0.304952541339421,92.2419530968182,0.000979912616289221,0.360814579180442,10
675,2.50526447501034,1.8563631290779,120.935354370158,0.000409031859762035,1.32445658650249,10
676,2.25991995958611,2.11423083624807,53.7193185416982,0.000903969315299764,0.577475935220718,10
677,2.08689484978095,0.445850433661719,84.8674479639158,0.000679914275556803,0.27847891242709,10
678,1.37028673081659,2.67244269384393,95.9741770918481,0.000364651615126058,0.464883995591663,10
679,1.89448458841071,0.488094633297925,83.0178953683935,0.000354291921434924,0.333073569810949,10
680,1.83002946921624,0.365687221865985,99.1101812850684,0.000149633562006056,1.47090160183143,10
681,3.3106760669034,2.93267281615557,22.7122243936174,0.000998420951282606,1.25635692011565,10
682,3.33454390638508,1.88136808525806,69.7639796021394,0.00096454874787014,1.42719042766839,10
683,1.43136184196919,0.0576963700906374,69.6105884225108,0.000226281566475518,1.23055334156379,10
684,2.54657845175825,2.48750951733468,28.7629484850913,0.000960942099173553,0.363779159146361,10
685,2.79172145645134,2.99663253806548,57.599432177376,0.000892629648465663,0.579123458010145,10
686,2.51752907200716,2.60429973912993,119.416577806696,0.000309403489762917,1.47257108276244,10
687,2.15829889918678,1.19079353351169,124.206019097473,0.000826967115071602,0.469422341091558,10
688,2.27829430252314,2.80873172333136,46.5240620425902,0.000934578111255541,0.220585929695517,10
689,1.03527920413762,0.974386210747273,139.321809404064,0.000841704601771198,0.589313028962351,10
690,3.75799531117082,2.9173454399412,33.2809388404712,0.00086751746153459,1.33879327832256,10
691,1.23831907939166,1.68783910165858,135.814998105634,0.000862518867268227,1.2985257137334,10
692,2.52212276426144,1.73802918051428,86.7460598214529,0.000809192901733331,0.93302348011639,10
693,3.46051485091448,2.47408859173763,37.2616290207952,0.000757048224215396,0.785060855210759,10
694,2.7951862544287,0.595413588098134,63.9377013873309,0.000358127483050339,0.395371996681206,10
695,2.27246057824232,1.85700700611474,47.6900461874902,0.000755622361903079,0.90307462925557,10
696,2.67793081211857,0.673771388354222,127.731283938047,0.000592334024258889,0.290427823201753,10
697,3.36728341621347,0.0757686680229381,80.3634692938067,0.000267361826077104,1.42289642023388,10
698,1.50314577389508,2.26953972369726,63.7129524978809,0.000417813721788116,1.24692430556752,10
699,3.91135519021191,1.91450701826459,38.8045466318727,0.000706940498785116,1.21151583257597,10
700,2.42050929507241,0.17370095225533,132.849235611502,0.000838628778373823,1.248212169623,10
701,3.78922961768694,2.02142605995117,27.0619417401031,0.000418543497635983,1.33230951963924,10
702,3.702817811165,2.07466515770932,99.8048010002822,0.000473638093774207,0.255673031439073,10
703,3.25264656357467,2.23571235624342,122.131939628161,0.000997971067507751,1.43597981042694,10
704,3.02970631723292,0.37227320567749,95.3280650894158,0.000881498736282811,1.18242903391365,10
705,2.94404033734463,0.453600242953189,88.5320325801149,0.00079123219398316,0.56583732040599,10
706,1.21974060917273,0.532374132856796,73.3667437685654,0.000555880258581601,1.18349360267166,10
707,2.27067525521852,0.0267075163596775,114.968010613229,0.000819722129683942,0.688957556616515,10
708,2.59247309248894,1.90140255065171,134.868007877376,0.000213823924330063,0.330501612159424,10
709,3.82811428699642,1.11831538016989,34.8817571974359,0.000111899072746746,0.849593126680702,10
710,3.13667367817834,0.833232375065982,62.1392067335546,0.00087195924911648,0.0231259684078395,10
711,3.17347172647715,0.517608251397661,67.6784117380157,0.000182959889573976,1.01403507194482,10
712,2.41038585314527,0.611213052985398,53.0133137968369,0.00066449002516456,0.661188431899063,10
713,1.36084676743485,0.66569045812625,35.6974256318063,0.000247931724181399,0.46197501628194,10
714,3.34929301263765,0.760369170626439,95.7857758132741,0.000330669296556152,0.52460544614587,10
715,2.31447219126858,0.510376058362494,46.446533720009,0.000350718742515892,0.884647193248384,10
716,2.29436793946661,2.76503812441921,95.36780141294,0.000296089422260411,0.448742261971347,10
717,1.08249363698997,1.03600584406604,96.7842322378419,0.000356511824694462,0.358914125128649,10
718,1.43968552863225,0.255419116607541,147.034266260453,0.000253071174863726,1.39292561053298,10
719,2.26778547395952,1.13351563369341,46.9799640122801,0.000766086272406392,0.957207696279511,10
720,3.3014115227852,1.63007622432543,51.5569825051352,0.000541092899139039,0.771323854685761,10
721,1.01429933612235,2.36105407707177,40.8320380141959,0.000465588345099241,0.257653599372134,10
722,2.81078707450069,0.961008551790612,122.59193119593,0.000896639448055066,1.01527906057891,10
723,3.71673178160563,2.51413175112724,32.4471933976747,0.000444367916462943,0.612197888083756,10
724,3.11998459580354,2.99541160858274,79.3177323113196,0.000786404958297499,0.779932910227217,10
725,1.7876114777755,0.640407632957771,29.8480833345093,0.000894601734890603,1.37695725169033,10
726,3.55322865839116,1.31194574439821,141.881473110989,0.000398328144056722,1.39560933387838,10
727,2.00081654521637,1.13625211581467,45.234369772952,0.000115727344411425,0.548008779063821,10
728,2.73485280270688,2.89673356797805,112.895245742984,0.000802922832896002,1.12572555919178,10
729,2.29831939074211,1.92338539503715,144.252789900638,0.000523711774637923,0.364154054084793,10
730,1.15478596906178,2.41842538799162,116.441549223382,0.000145301041123457,1.08722512610257,10
731,3.18940986366943,2.75719466026062,53.2839351170696,0.000825437794928439,1.08129769389052,10
732,2.64451124286279,0.175961481775134,99.629195118323,0.000774893814278767,0.105958264670335,10
733,3.25366595666856,1.43298080253536,37.2663416247815,0.000872872421215288,0.00205763918347657,10
734,1.15231349412352,2.09067867669535,43.4251205413602,0.000924228293541819,0.95720248692669,10
735,3.14489863719791,0.134110061093792,30.3916173218749,0.000476607708819211,0.81092400290072,10
736,1.8930833702907,2.27058726532285,55.2535476372577,0.000863300551613793,1.19408505130559,10
737,1.85043162922375,1.77506200708444,77.2166919684969,0.00039905600422062,0.872851556749083,10
738,3.48963138228282,1.53047037498772,112.489570253529,0.000230943875643425,0.710157724795863,10
739,1.25918612559326,1.35786003916317,65.0824362272397,0.000484933199267834,1.48570771026425,10
740,1.12797135696746,0.0765433500773506,39.5608577341773,0.000360785733233206,1.48168933892157,10
741,2.04622242669575,2.88553464367171,97.9358130902983,0.000399885028298013,0.431159975705668,10
742,2.62700803042389,2.96288355625565,135.780382580124,0.000450319730932824,1.06791524786968,10
743,2.82838259055279,1.90311523838295,70.5311226169579,0.000402004581945948,0.316818685038015,10
744,1.81411629542708,1.27668148654345,32.7574347518384,0.000198126127175055,0.236474511330016,10
745,1.61569279595278,0.799951052939356,124.937539510429,0.000179107260308228,1.48328440147452,10
746,2.14489644486457,0.241800407040399,35.3509565279819,0.000914037148817442,1.2238732870901,10
747,2.41767434612848,0.990491676146118,119.35452217469,0.000479865038138814,0.964921873994172,10
748,3.50655384967104,2.68216090373097,36.4130623755045,0.000127807108988054,0.840493073570542,10
749,1.36441448889673,0.920094927943964,131.089132444467,0.000633297333470546,0.746489757089876,10
750,3.02742437482812,1.20733128115672,89.77993193781,0.000496338465390727,0.572384751518257,10
751,2.49005565978587,1.72141681336819,97.5049275183119,0.000359823918016627,1.04355227050837,10
752,3.70671324338764,1.79100545429878,132.197050307877,0.000484511064202525,0.780619600089267,10
753,2.65379190049134,1.7100944109804,132.766963872127,0.000219505938119255,0.490948243997991,10
754,1.38569402950816,0.654292056761822,27.6821268233471,0.000521999973547645,0.922030596295372,10
755,2.32602935703471,2.46039822068415,81.0336599010043,0.000146335269068368,0.169412232236937,10
756,1.57689308910631,0.110063676999789,64.522621545475,0.000535181329119951,0.895033133681864,10
757,2.30470186634921,1.87678588646383,127.194187012501,0.00041416586744599,1.16944927442819,10
758,1.67540020891465,1.30049346665463,88.8077586563304,0.000890149384434335,0.799444332369603,10
759,3.88328884635121,1.07084272292452,76.8406279804185,0.000961770209833048,0.803193856962025,10
760,2.34528239513747,2.3210255533942,27.3353527393192,0.0003946222479688,0.725837108795531,10
761,3.33143495582044,0.520438798387139,52.2106948588043,0.000359426253917627,0.690902775619179,10
762,1.47465932345949,1.47967759871124,71.7512252507731,0.000977126690442674,1.19742752169259,10
763,3.60042574768886,2.21159300662212,34.4577265367843,0.00033595559776295,0.141199825680815,10
764,1.61843681731261,1.53305196819396,74.8109341179952,0.000825728559168056,1.4359984989278,10
765,1.53384904912673,1.42531323932412,51.0946001298726,0.000997564273001626,0.31969118595589,10
766,1.49467343906872,1.7637410316681,130.569197919685,0.0008723108072998,0.615659830975346,10
767,2.69580693193711,1.71765488428008,49.5132720842957,0.000122642827127129,1.0278483806178,10
768,3.18154306337237,1.96478773041205,117.202602229081,0.000135041907220148,0.815409785485826,10
769,3.62775696720928,2.59539015477819,113.303420005832,0.000601001633820124,0.255963414441794,10
770,3.1252731513232,1.19059944304381,32.3714332701638,0.000297694243025035,1.05719258962199,10
771,2.43238963279873,2.88035245541965,82.2992143617012,0.00077213299558498,1.0369489446748,10
772,3.46083998074755,1.14269367796232,36.5284665091895,0.000593606747942977,0.796185911865905,10
773,1.04983663232997,0.510347831149027,54.3508106539957,0.00038449164761696,1.33936504635494,10
774,3.98833330371417,0.694891475185682,49.5154325524345,0.000278371756803244,0.483166311867535,10
775,2.90468450728804,2.84976563605161,43.9854173618369,0.000893558818893507,1.24237784324214,10
776,2.28542614262551,0.250616122095147,22.2432752884924,0.000245227483753115,1.16724070440978,10
777,1.08517879853025,0.579212743313075,141.526634485926,0.000810744677414186,0.137948142830282,10
778,3.25999810174108,0.224178416036209,35.7351863035001,0.000929582422995009,1.42879248736426,10
779,1.62590192607604,1.81508752245754,72.8353336825967,0.000569134575268254,0.825769050163217,10
780,3.99836621549912,0.64760710483219,122.591821413953,0.000118327944283374,1.22748421342112,10
781,3.72174757951871,1.7640029832544,33.7629035115242,0.000209381725196727,0.755933395586908,10
782,3.13739509531297,0.686769919925742,64.4073001644574,0.000298274888261221,1.06396359961946,10
783,3.19279865175486,1.17283644518899,63.3672752045095,0.000664106462989003,1.22588583792094,10
784,2.41746376338415,1.04378294951227,120.672251798678,0.000744853071216494,0.163954772986472,10
785,3.58753206091933,2.75514636951957,89.8317305371165,0.000436768673290499,0.973830556380562,10
786,1.49624536721967,0.336206167073082,122.332293491345,0.000487000780506059,0.642829793505371,10
787,2.86128377681598,0.765002933170134,123.686599249486,0.000269039949728176,0.143045624135993,10
788,1.87699418491684,0.559953547385964,49.1077663074248,0.000253612883854657,0.124417615472339,10
789,2.3684252013918,2.23665601462701,80.6004799553193,0.000604109669290483,0.551319289254025,10
790,1.13691762695089,2.79891304990482,61.9047155184671,0.000956805122015066,0.786887240828946,10
791,1.53298525628634,1.48418621034108,90.7889039139263,0.000746945223375224,1.30525289545767,10
792,1.17379620368592,1.93501654431524,146.304025275167,0.000649970721290447,0.174157320871018,10
793,3.83323070057668,0.527490180240362,39.4091325043701,0.00052160497342702,1.23755436879583,10
794,2.02823042287491,1.80902363907106,67.2787652676925,0.000123356288857758,1.33232053625397,10
795,2.55385171202943,2.66328422206347,122.323888465762,0.000821795228100382,1.4496293409029,10
796,2.8757360058371,1.47067919219695,96.2591871456243,0.000396580718830228,1.00018077751156,10
797,1.71179456100799,0.0552488793724449,90.1726321480237,0.0001054170176154,0.245043443748727,10
798,2.548371743178,0.538254437728552,133.605181167368,0.000948565242649056,0.485925280605443,10
799,3.41962548322044,0.898243475988228,120.025456012227,0.0007928989415057,0.376787228160538,10
800,2.04479420348071,0.830964487178973,78.6088749603368,0.000978543439111672,1.369057169999,10
801,3.57606235891581,0.184922112311074,142.077028772328,0.000355601579346694,0.531119712162763,10
802,1.10331628355198,1.06602851100564,92.6165768736973,0.000773429467296228,0.560518533806317,10
803,3.91299143759534,1.73115555823348,94.2300162534229,0.0006514906067634,1.26032684475649,10
804,3.23533040867187,1.60514117228449,33.9501856314018,0.000561521287588403,0.201362987165339,10
805,1.81976572540589,1.81285806361707,70.5390873947181,0.000886993514699861,0.811017923522741,10
806,3.03131830459461,1.45849832015422,147.072140709497,0.000111953713744879,0.772868623724207,10
807,2.04384240414947,0.394966541451658,48.7887537758797,0.00059994609404821,1.39643297879957,10
808,3.84106156486087,2.89371368918759,48.6082242615521,0.00093168692169711,1.15724224469159,10
809,2.01587132480927,2.2274104829204,56.6822288534604,0.000581886894744821,1.06841532688122,10
810,1.09513961197808,1.10058147004191,35.4987527919002,0.000305064325383864,0.117571742506698,10
811,2.06075739278458,0.452560802166979,43.4173759026453,0.000103840515320189,0.834957142244093,10
812,2.16137076332234,0.680896325940755,56.9781641964801,0.000707267805817537,0.306575421011075,10
813,2.07084148027934,2.23537591507123,103.755824894179,0.0002005840951344,1.44952571718022,10
814,3.87990581803024,0.151872074107826,144.846153464168,0.000203307284321636,1.30029782862402,10
815,2.15121461451054,1.78202049121056,29.2423487012275,0.000795805634232238,1.04686443926767,10
816,2.63901286316104,0.459836620156956,24.9294010526501,0.000753373861475848,0.427453885087743,10
817,3.77597042755224,2.28836589700142,25.2599223190919,0.000170557820284739,1.1332377679646,10
818,3.75057858135551,2.98584366654214,74.2002239124849,0.000104597636498511,1.41862842394039,10
819,1.72819897858426,0.522076932273363,52.7943386766128,0.000509733998705633,0.766759383142926,10
820,3.15127251646481,1.85743055470895,34.1171207348816,0.000990123071451671,1.22965431155171,10
821,2.04683810751885,1.613995723593,131.914328422863,0.00065750342074316,0.651681336108595,10
822,2.6628500521183,2.45479296089197,39.681014183443,0.000313635590206832,0.918835917022079,10
823,3.22891723923385,0.965308546900097,91.3543730182573,0.000425498176226392,0.353165965760127,10
824,3.45909495581873,1.74702257761143,86.3941879733466,0.0007683600905817,0.53759221220389,10
825,3.60897179506719,0.212890045136353,60.3734535328113,0.000277585601969622,0.149926663376391,10
826,1.10759540298022,1.71197497495268,108.787108887918,0.000123592810030095,0.30896885949187,10
827,1.66007321025245,1.68207568411811,117.2971766931,0.000164785575517453,0.61773987673223,10
828,2.1009196289815,1.30256940138782,143.827399360016,0.000623649324127473,0.828096678480506,10
829,1.91708932607435,2.88585016081862,67.1398938214406,0.000643786358251236,0.766345893032849,10
830,3.18349137250334,2.13384392598348,65.0181588646956,0.000984344413690269,0.877428939915262,10
831,3.09918629867025,0.775482749080029,79.0499429847114,0.000125413409690373,1.44929592800327,10
832,3.73018278041855,2.77704004530201,106.931610570755,0.000875924937054515,1.03191417607013,10
833,3.53680782904848,1.26249290828046,88.7819272326306,0.000259680529939942,1.32102567097172,10
834,3.33563392050564,2.44892060668883,20.3667544340715,0.000693660472077318,1.0486053294735,10
835,2.20253028464504,2.26401967638165,132.043536240235,0.000510023503983393,0.541205666726455,10
836,2.73041397659108,1.23648869910468,92.3951371223666,0.000384214413026348,1.2984145435039,10
837,1.22907833848149,1.54329905435038,137.249582728837,0.000250492333783768,1.23719261877704,10
838,3.61892455210909,1.62689992697362,143.542376079131,0.000486894098995253,1.04146300046705,10
839,3.86885720677674,2.92207551013595,137.021881893743,0.000491769102308899,0.208328589331359,10
840,2.51659323950298,0.221006500876695,110.213037987705,0.000998931977478787,0.163644017768092,10
841,3.77309909136966,2.3085344655816,128.709103832953,0.000824640583526343,0.821522640762851,10
842,1.40354059822857,2.61767747212427,80.2145323203877,0.000403220234089531,0.413415435003117,10
843,1.7162110095378,2.96959776703694,101.782959050033,0.000556497973413207,1.02217668725643,10
844,2.46988786617294,2.89544641738127,77.0831075520255,0.000361440635845065,1.2868508643005,10
845,2.42218029033393,1.90930031376299,146.089747019578,0.000599129492789507,0.0672174455830827,10
846,2.30498247710057,0.196261342903995,56.3413556339219,0.000339319862984121,0.388512497884221,10
847,1.11774688027799,0.385331423490378,147.330941897817,0.000950569340819493,1.32526153034996,10
848,2.93299304554239,1.47840506287245,108.780276132748,0.000214089068025351,1.14645412971731,10
849,3.14670160063542,1.98976825625431,138.040794874541,0.000510120000434108,0.368683999520727,10
850,2.05500016384758,0.568217203298444,107.097255138215,0.00068887227405794,0.553836619947106,10
851,3.83967024646699,0.532877420028788,73.6983991158195,0.000651117292302661,0.0526687628589571,10
852,3.22931952169165,0.346769420650718,141.080210935324,0.000612049840507098,1.35094462847337,10
853,1.15235776104964,0.470941505438415,39.3906612857245,0.000121269649057649,0.160484199179336,10
854,3.94109434261918,2.57224680752815,22.2128158900887,0.000895048203878105,0.687097973073833,10
855,1.65346735762432,1.27463910903798,94.9451104132459,0.000561035473737866,0.036563909612596,10
856,1.10858800611459,2.63503717907108,86.136335383635,0.000703657007031143,0.681387979304418,10
857,1.7821115963161,2.47449720916755,57.6176500227302,0.000301263249013573,0.510234413319267,10
858,3.1612473577261,2.9364609685506,55.9323368943296,0.000192456473549828,0.506248177145608,10
859,1.7436825435143,1.90366559326171,99.083989309147,0.000199426258006133,1.19331356626935,10
860,1.70474737463519,2.07460067578221,70.7673576311208,0.000438306919950992,0.155468245851807,10
861,1.06303552864119,2.37657079975496,57.8278734884225,0.000857725058193319,0.430812500766478,10
862,1.79386188322678,0.102608519501309,70.1716441218741,0.000584758290438913,0.800969447591342,10
863,3.07540485844947,2.45999904375647,126.800541412085,0.00054226618851535,0.164918448776007,10
864,1.10400817333721,2.06293972424385,50.2874065795913,0.000989048204268329,0.813976377714425,10
865,1.18835838860832,1.29538749809531,148.143358794041,0.000844977323198691,0.554020136478357,10
866,2.19311827560887,0.731702973106108,100.00796073582,0.000232004048931412,1.46533142623957,10
867,2.47008527466096,0.0245422942838166,128.221845109947,0.00026362844153773,0.753694898332469,10
868,2.89314624271356,1.26337631955235,50.7600710494444,0.000466520232520998,0.133280120557174,10
869,3.17021293682046,2.36089202815464,120.217174631543,0.000107333513372578,0.896063126740046,10
870,1.23029737733305,1.78681680906115,27.640561920125,0.000807667937036604,0.366510659339838,10
871,2.26433824165724,2.95489067987471,86.9369539711624,0.000608244755701162,1.00915120937862,10
872,3.9211800575722,1.58417756338422,131.931637350935,0.000338737702718936,0.0017930252943188,10
873,3.44141735020094,1.56988292545092,148.102278511506,0.000844491678243503,0.60483190335799,10
874,1.67130316887051,2.35935577011153,71.579093891196,0.000392244002385996,1.35849640856031,10
875,2.46922691748478,0.263258455610299,80.8768660551868,0.00099507693820633,0.704305725870654,10
876,1.03402057895437,0.768410330748069,74.6852173795924,0.000315546709601767,0.957940506516024,10
877,1.7758068908006,1.0698767002733,139.032529839315,0.00083126075041946,1.30393764772452,10
878,2.36379631562158,0.747241468453989,82.7008690219373,0.00013295758983586,1.18464585556649,10
879,3.2229300646577,0.525137961344211,142.513081997167,0.000869974326435477,1.41454865096603,10
880,3.97198003530502,1.71880895005763,36.1432516016066,0.000101045798324049,1.42501319409348,10
881,1.99661483825184,1.45023110554398,93.2820321456529,0.000342127414979041,0.305811774451286,10
882,3.83437421638519,2.42986591260326,115.06077287253,0.000515088084363379,1.16466823546216,10
883,3.88556025968865,2.25157065035102,20.0741678802297,0.000674111247621477,1.0325424245093,10
884,3.69783249893226,1.04239664849704,101.686226085294,0.000187617554329336,1.17009768483695,10
885,2.47814750531688,2.42064276541988,68.1944119394757,0.000385548899392597,0.7611160709057,10
886,3.35480643366463,0.755367507882649,31.149043738842,0.000618226962420158,0.561270076199435,10
887,3.40935714123771,1.77893136553988,107.905578410719,0.000697157252463512,1.36011101107579,10
888,3.03330287104473,0.468731578575214,99.1905069444329,0.000812216181913391,1.27964656753466,10
889,2.74383273581043,0.52556143869462,32.492883161176,0.000206464429153129,1.23581128008664,10
890,1.99200426205061,0.679209265024215,71.8576118862256,0.000308052153466269,0.299679522402585,10
891,1.00394396972843,2.3759105596931,32.781829838641,0.00041552382837981,1.28862704441417,10
892,1.19740589242429,1.16519060155882,123.293800244574,0.000512502354197204,0.780803964938968,10
893,1.25785575201735,2.73367497530922,126.292232063133,0.000164971879450604,0.5729780519614,10
894,1.0393291504588,0.365628968882281,72.6518738036975,0.000319032164779492,1.40750390652101,10
895,2.00723687279969,2.96350668737672,20.336346430704,0.000566429051989689,1.27789284498431,10
896,1.35779294953682,2.26588823297941,99.1154524544254,0.000551128994999453,1.29114801215474,10
897,2.78078633616678,0.932396424125251,97.0038002473302,0.000707076809275895,1.14132231508847,10
898,1.11193802719936,0.0596940875107655,138.320468864404,0.000279586116457358,0.00316525460220873,10
899,1.02871537557803,2.04688095566493,71.2136315065436,0.000570657505048439,0.153221831191331,10
900,1.48478837776929,1.31626432645689,145.346035994589,0.000322280775243416,0.632926257094368,10
901,3.4956969646737,2.65111374602809,53.1622174452059,0.00033535994514823,0.263469166355208,10
902,3.30052826297469,0.222823932363302,38.3003334794194,0.000821099636168219,1.2064722685609,10
903,1.81834094924852,1.36106330089713,88.2830751151778,0.000465108718769625,1.37282725051045,10
904,1.56448989664204,2.66412000825061,79.0286652278155,0.000339669707068242,0.40872896485962,10
905,1.67728550429456,2.10050770911041,87.8239086223766,0.00014518138798885,0.483570517622866,10
906,1.18591110268608,0.913916372070275,31.1406620196067,0.00083066720648203,0.870663922280073,10
907,1.17970072291791,1.75471391809238,97.6814343570732,0.000470739979925565,1.35879295191262,10
908,1.44446761114523,2.61137426474181,108.857033469249,0.00063050630975049,1.10590866347775,10
909,1.21896365773864,1.33962602548329,91.4163366053253,0.000134111836366355,1.11754672264215,10
910,1.12865767558105,1.0121853817516,100.629310894292,0.000358630331023596,0.963299619499594,10
911,2.5673838169314,1.70076913510826,58.510703491047,0.000544447218813002,0.213130159769207,10
912,3.36769446823746,1.2473533684457,56.9849639595486,0.000362634113035165,0.732503122184426,10
913,3.08426004438661,2.49799872834636,98.2577591040172,0.000964027972682379,0.442422164138407,10
914,1.19972814200446,0.461207393515669,41.7973755742423,0.000666539055993781,0.229477037326433,10
915,1.05387323955074,1.97598126463583,139.260328016244,0.000783413121779449,0.145873250439763,10
916,2.32647527009249,0.00318035430139862,148.818354988471,0.000303024219814688,0.925184851395898,10
917,1.47280624951236,0.961420740490733,117.196887391619,0.000937629354302771,0.863155375351198,10
918,3.1565803475678,2.8504036284901,84.0300192101859,0.000890216575236991,0.24283690424636,10
919,3.11182549758814,0.0377562733990606,141.265274442267,0.000920758853247389,0.000300571206025779,10
920,3.65567891462706,0.237364387257141,100.21506950492,0.000451325094955973,0.34241423138883,10
921,1.97578304563649,0.639943782722577,70.9215282415971,0.000433644319092855,1.33069270220585,10
922,3.91264469991438,2.98453029263844,45.5291390419006,0.000363002595538273,1.20307793864049,10
923,3.95446079876274,1.47616955878583,113.610254123341,0.000677695442456752,0.921644862857647,10
924,1.11755415308289,1.88293959082302,141.442369539291,0.000450997599749826,1.1864298528526,10
925,3.68071386427619,0.0179834089604439,110.043705326971,0.000130420083901845,1.18859739589971,10
926,3.46719745383598,0.857633410806768,135.515520924237,0.000625582167529501,0.809640275663696,10
927,3.17273407848552,2.9594426035454,49.7265627258457,0.000832851631031372,0.618036545813084,10
928,1.86676041339524,2.27310120555433,91.0539635224268,0.000615052808402106,1.13149945973419,10
929,2.50584581377916,0.204918145165849,46.9098949013278,0.000312428777199239,1.38649852504022,10
930,2.28504100395367,2.43231085949864,89.8164716595784,0.000202268214779906,0.748561623855494,10
931,2.83004804817028,0.368701934083854,146.006111041643,0.000843869673134759,0.862788424361497,10
932,3.77833952219225,1.22981409009879,124.420407861471,0.000945975716947578,0.328394099604338,10
933,1.72036977321841,2.78263818141245,46.526087122038,0.000127595459856093,0.244727345067076,10
934,1.81564550171606,1.66266929709895,72.0840919832699,0.000137012844276614,1.32395326474216,10
935,3.20501093938947,0.0428984163481276,127.786233858205,0.000886878779437393,0.703191364766099,10
936,3.25463761901483,2.90209910704405,77.3465122585185,0.000416998240351677,0.0287949146004394,10
937,3.79177576256916,2.31021959104151,71.3569216546603,0.000376736734691076,1.22420577798039,10
938,2.38819082430564,0.239949244407378,24.0155299915932,0.000884063697559759,0.0641360889421776,10
939,3.58207353018224,1.09632300308435,37.6625938131474,0.000930746044265106,0.111110865371302,10
940,1.93610925856046,1.44133159311013,108.033975136932,0.000541227528639138,0.71804108528886,10
941,1.62411704030819,2.02731449988727,28.1234487053007,0.000543056464521214,0.707263545133173,10
942,3.76248240168206,2.35936310752467,149.679967800621,0.000266521147591993,0.423572276369669,10
943,1.15821065264754,2.43019316611886,34.8003722191788,0.000335541561082937,0.319461427512579,10
944,2.23346629319713,0.23612464312443,101.293225071859,0.000413422502228059,0.92815637611784,10
945,2.36902364552952,0.506826431613788,23.3262522425503,0.000721768133272417,0.0916799940168858,10
946,2.2475807426963,0.110294708775985,28.9365170896053,0.000226335078850389,0.424666061997414,10
947,3.01106035523117,0.72050291239128,44.4838489359245,0.000529098438867368,1.47295166901313,10
948,3.27071224013343,2.73659432630106,124.024887734558,0.000849357829010114,1.39913139597047,10
949,3.73495394340716,0.0041903029474197,128.527148212306,0.000339027744019404,0.849676707177423,10
950,3.45985625754111,0.68197861428617,114.209402382839,0.000797711260127835,0.156119018909521,10
951,1.28094955766574,0.504871968960087,56.4818863407709,0.000266945431777276,1.04461274156347,10
952,1.5337182439398,0.449372568684444,103.577351393178,0.000451210175082088,0.698515179916285,10
953,2.9266437406186,1.94432667389475,144.642164567485,0.000992822555988096,0.824841693160124,10
954,3.62284898152575,1.45676909059,89.8241757997312,0.000232116332487203,1.41004530480132,10
955,2.7769400512334,2.07976363379546,76.0889313835651,0.000254031189857051,0.085366049897857,10
956,1.78729657665826,0.869079403030989,114.135436208453,0.000219397847191431,0.476176048396155,10
957,3.6512567922473,2.93601711198045,42.6361367548816,0.000740773746254854,0.793669738224708,10
958,1.56306803878397,0.864450175644224,61.642169544939,0.000920666574989445,0.0688237535068765,10
959,2.46660094684921,1.57734098718204,70.4371059918776,0.000474653659202158,1.36668308079243,10
960,1.02946146135218,0.233559026690037,27.0842079585418,0.000806351927528158,1.45097783405799,10
961,2.08130212966353,2.03569365038455,56.130193376448,0.000238936138083227,1.37324429838918,10
962,2.32648507272825,0.545930954609392,113.008992311079,0.000111062726029195,0.881892676698044,10
963,1.37718766415492,1.58946038490366,62.7109907078557,0.000174011900322512,0.453824541647919,10
964,2.8730936429929,2.40505631880239,98.189169371035,0.000567183702811599,0.636075482005253,10
965,1.90729399514385,0.93963026903877,88.109706249088,0.000161463252292015,1.40282769792248,10
966,1.71891168458387,2.0738511078665,131.871386629064,0.000829533100826666,0.290707194479182,10
967,2.0758892907761,2.31915626340436,89.2600043141283,0.000171869896794669,1.39961923530791,10
968,3.67873123753816,0.785454718214599,34.4848476792686,0.000239247081126086,0.482066986849532,10
969,3.9718817952089,2.03631258301057,120.866152648814,0.000160566535126418,1.18851411854848,10
970,3.19726359238848,2.97643067348485,28.1821736483835,0.000493344842060469,1.30699738569092,10
971,3.97836426482536,1.65450741086234,111.687084797304,0.000778320513362996,1.4281624291325,10
972,2.61936808633618,2.79206035234777,26.4032643777318,0.000110946335131302,0.531766820582561,10
973,2.30140528548509,0.62229229399045,121.57116566319,0.000465778771042824,1.26740943314508,10
974,3.89402102259919,0.68995412254571,121.938104126602,0.000470487529574893,1.27528927533422,10
975,1.44495892967097,1.45201136941842,91.8348461738788,0.000979483176395297,1.05143612797838,10
976,1.19947916734964,1.38323207554123,131.164092831314,0.000299266136321239,0.555965920560993,10
977,1.07275446411222,2.34818579872758,47.2833658312447,0.000763039996265434,0.0388370052678511,10
978,2.83726972551085,0.00191573770013638,49.9071825598367,0.000841377875395119,1.34821219055448,10
979,3.0898262441624,2.25189507786247,107.543355971575,0.000955309542175382,1.13155693758745,10
980,3.40342566161416,2.49221423940372,77.8218368603848,0.00018867148226127,0.554046188481152,10
981,1.41319085168652,0.944082241845946,105.808494789526,0.000723177055339329,0.795633422909304,10
982,1.47935446817428,2.13612827677652,30.1168462005444,0.000355803748336621,1.3709619945148,10
983,3.96650077891536,0.755209476557188,64.6222755219787,0.000820967530878261,0.301733846892603,10
984,2.19593708659522,0.928111559942085,124.969124030322,0.000848615243309177,0.383462014608085,10
985,1.56373544852249,2.08789494596394,65.3667961852625,0.000711854702583514,0.660462770028971,10
986,2.43318472336978,1.26934463147374,26.7707120999694,0.00047443548894953,1.11780465056654,10
987,2.63270206819288,2.55868535003914,132.226764115039,0.000409439574182034,0.239359805826098,10
988,1.98447394208051,1.60324630996052,92.3995290673338,0.000367187208938412,1.09203091298696,10
989,3.99979178095236,1.64457773121053,138.294193681795,0.000839920244831592,1.33218270528596,10
990,2.58334550797008,2.53664738111107,118.968562190421,0.000550791870453395,1.08329901471734,10
991,1.40120352455415,1.13114953692369,90.9204395511188,0.00054710767113138,0.647675261367112,10
992,2.31562020326965,0.498214431226416,82.1246603829786,0.000427925738412887,1.16564604942687,10
993,2.8623818194028,0.567825161228003,65.1660759281367,0.000864443332958035,0.136662734672427,10
994,1.6087372363545,2.5706177614175,93.8670145650394,0.000382179318577982,0.0283427776303142,10
995,1.40250931819901,1.01257595354554,143.599994333927,0.000290897555346601,0.834429755341262,10
996,3.33050199411809,2.32510720231507,53.979271275457,0.00062721411276143,0.6832397331018,10
997,2.90784954605624,0.207303699176689,33.8847073866054,0.000858130165631883,0.1474208899308,10
998,1.84640888986178,0.72292370205,52.9885296453722,0.000212845517136157,0.632335211732425,10
999,1.57377836829983,0.728481233384064,43.517502846662,0.000439777345489711,0.137025116826408,10
1000,1.79661015979946,1.16140025597224,89.0805596043356,0.000704443341027945,0.445945711922832,10
